ind1990,sh_top11970,top11970,earn_res1970,agg_inc1970,num_top11970,us_num_top11970,us_agg_inc1970,sh_agg1970,sh_top11980,top11980,earn_res1980,agg_inc1980,num_top11980,us_num_top11980,us_agg_inc1980,sh_agg1980,sh_top11990,top11990,earn_res1990,agg_inc1990,num_top11990,us_num_top11990,us_agg_inc1990,sh_agg1990,sh_top12000,top12000,earn_res2000,agg_inc2000,num_top12000,us_num_top12000,us_agg_inc2000,sh_agg2000,sh_top12015,top12015,earn_res2015,agg_inc2015,num_top12015,us_num_top12015,us_agg_inc2015,sh_agg2015,change,us_change,sh_agg_incx,sh_change,sh_agg_change
"Security, commodity brokerage, and investment companies",.0302491,.0880829,.4131475,2.84e+08,22100,730600,6.64e+09,.0428463,.0281505,.0818768,.3113115,5.99e+08,26140,928580,1.50e+10,.039918,.0546138,.0908084,.429036,3.07e+09,60742,1112210,3.56e+10,.0862966,.0833032,.0944119,.4675125,9.06e+09,107245,1287406,6.42e+10,.1411272,.0836863,.0856944,.53003,1.33e+10,101183,1209075,9.13e+10,.1461443,75043.01,280495,.1670585,.2675378,.1062263
"Offices and clinics of physicians",.114974,.1899163,.2603331,1.21e+09,84000,730600,6.64e+09,.1814935,.098796,.1339466,.1717275,2.00e+09,91740.01,928580,1.50e+10,.133275,.0998741,.0982773,.1923908,4.68e+09,111081,1112210,3.56e+10,.1314744,.0790163,.0663683,.228571,6.36e+09,101726,1287406,6.42e+10,.0990919,.0756868,.057805,.2714164,7.94e+09,91511,1209075,9.13e+10,.087029,-229.0078,280495,.0779239,-.0008164,-.0462461
"Hospitals",.0217629,.006208,.0863353,8.55e+07,15900,730600,6.64e+09,.0128741,.0411812,.0089603,.1065545,4.44e+08,38240,928580,1.50e+10,.0295583,.0498359,.0109391,.1590137,1.39e+09,55428,1112210,3.56e+10,.0391305,.0539651,.0135662,.1445948,2.76e+09,69475,1287406,6.42e+10,.043006,.0724752,.0128123,.2468016,5.55e+09,87628,1209075,9.13e+10,.0608118,49388,280495,.0669651,.1760744,.0312535
"Legal services",.0617301,.1255918,.3190624,6.35e+08,45100,730600,6.64e+09,.0956838,.0592948,.0779114,.1983035,1.18e+09,55060,928580,1.50e+10,.0786738,.0893977,.0815308,.3199374,4.57e+09,99429,1112210,3.56e+10,.1282955,.0568329,.0509791,.2704843,5.17e+09,73167,1287406,6.42e+10,.0805112,.0634865,.0530702,.2602125,7.96e+09,76760,1209075,9.13e+10,.0872363,21700,280495,.0889221,.0773632,.0085625
"Computer and data processing services",.0016425,.0134983,.3086371,1.16e+07,1200,730600,6.64e+09,.0017521,.0039846,.0104502,.2203225,6.51e+07,3700,928580,1.50e+10,.0043366,.0099541,.0151839,.2735255,4.04e+08,11071,1112210,3.56e+10,.0113434,.0312163,.0255425,.3284913,2.54e+09,40188,1287406,6.42e+10,.0395236,.0447565,.0211992,.3654254,5.16e+09,54114,1209075,9.13e+10,.0565152,50414,280495,.0667883,.1797323,.0521786
"Management and public relations services",.0117711,.0271465,-.0022378,8.15e+07,8600,730600,6.64e+09,.0122702,.0114153,.0334659,-.0475897,1.83e+08,10600,928580,1.50e+10,.0121801,.0213692,.0430455,.175544,9.46e+08,23767,1112210,3.56e+10,.0265594,.0337741,.0467075,.3086777,3.17e+09,43481,1287406,6.42e+10,.0493559,.0383343,.0306869,.2464321,4.31e+09,46349,1209075,9.13e+10,.0472644,35749,280495,.0541719,.1274497,.0350843
"Banking",.011908,.0089783,.2173967,5.79e+07,8700,730600,6.64e+09,.0087222,.0130953,.0073128,.1615038,1.47e+08,12160,928580,1.50e+10,.00977,.0190504,.0103433,.2275568,5.29e+08,21188,1112210,3.56e+10,.0148453,.0242029,.017099,.2321133,1.28e+09,31159,1287406,6.42e+10,.019909,.0326514,.020711,.3453746,2.85e+09,39478,1209075,9.13e+10,.0312401,27318,280495,.0354672,.0973921,.0214701
"All construction ",.0528333,.0094829,.0944488,3.27e+08,38600,730600,6.64e+09,.0493198,.0622887,.0105084,.0300709,8.94e+08,57840,928580,1.50e+10,.0595553,.0524748,.0083272,.0346109,1.50e+09,58363,1112210,3.56e+10,.042225,.0501932,.0075584,.0546942,2.35e+09,64619,1287406,6.42e+10,.0365878,.0323049,.0042072,.0377521,1.85e+09,39059,1209075,9.13e+10,.0203238,-18781,280495,.0125997,-.0669566,-.0392315
"Real estate, including real estate-insurance offices ",.0265535,.0299521,-.0110376,1.65e+08,19400,730600,6.64e+09,.0248035,.0411596,.0290704,-.0140305,6.05e+08,38220,928580,1.50e+10,.0402961,.0463024,.0277405,.0804669,1.59e+09,51498,1112210,3.56e+10,.0447048,.0323255,.0234421,.1101717,2.01e+09,41616,1287406,6.42e+10,.0312752,.0305299,.016826,.0701851,2.38e+09,36913,1209075,9.13e+10,.02609,-1307,280495,.0232931,-.0046596,-.0142061
"Insurance",.0343553,.019637,.2263339,2.13e+08,25100,730600,6.64e+09,.0320167,.0384458,.0192696,.2183137,5.65e+08,35700,928580,1.50e+10,.0376152,.0423976,.0197335,.2945199,1.46e+09,47155,1112210,3.56e+10,.0410132,.0327333,.0176964,.2880214,2.01e+09,42141,1287406,6.42e+10,.0312755,.03019,.0144935,.3030479,2.61e+09,36502,1209075,9.13e+10,.0285416,802,280495,.0267551,.0028592,-.0090737
"Credit agencies, n.e.c.",.0045168,.0119565,.2266505,2.43e+07,3300,730600,6.64e+09,.003658,.0040707,.012505,.2092208,5.28e+07,3780,928580,1.50e+10,.0035176,.0072082,.0186773,.319049,2.44e+08,8017,1112210,3.56e+10,.0068429,.0152135,.0234686,.3308466,9.48e+08,19586,1287406,6.42e+10,.0147701,.0239944,.0334863,.360375,2.40e+09,29011,1209075,9.13e+10,.0262684,25231,280495,.0307477,.0899517,.0227508
"Health services, n.e.c.",.0030112,.0081271,.0658859,1.53e+07,2200,730600,6.64e+09,.0023009,.0064399,.013173,.0025379,7.49e+07,5980,928580,1.50e+10,.0049858,.0095,.0099915,-.0162917,2.43e+08,10566,1112210,3.56e+10,.0068089,.0162948,.010223,-.0215947,7.50e+08,20978,1287406,6.42e+10,.0116843,.0217538,.0065701,-.0408507,1.24e+09,26302,1209075,9.13e+10,.0135374,20322,280495,.015221,.0724505,.0085516
"Colleges and universities",.0171092,.0079506,-.2488235,8.22e+07,12500,730600,6.64e+09,.0123759,.0114584,.0048791,-.3185126,1.25e+08,10640,928580,1.50e+10,.0083475,.0117253,.004979,-.3370098,2.89e+08,13041,1112210,3.56e+10,.0081214,.0114222,.004702,-.3344861,4.88e+08,14705,1287406,6.42e+10,.0076033,.016932,.005104,-.2969215,9.95e+08,20472,1209075,9.13e+10,.0108971,9832,280495,.0113991,.0350523,.0025496
"Oil and gas extraction",.0071174,.0195268,.1670519,4.96e+07,5200,730600,6.64e+09,.007467,.0128583,.0239049,.3136502,2.39e+08,11940,928580,1.50e+10,.0159242,.0061895,.0181025,.2523232,2.46e+08,6884,1112210,3.56e+10,.006918,.0027753,.0130879,.2660112,1.84e+08,3573,1287406,6.42e+10,.002869,.016104,.0303392,.6191036,1.83e+09,19471,1209075,9.13e+10,.0200718,7531,280495,.0208884,.026849,.0041476
"Radio and television broadcasting and cable",.0046537,.0275527,.1793474,3.39e+07,3400,730600,6.64e+09,.0051071,.0049323,.0223219,.0951338,7.78e+07,4580,928580,1.50e+10,.0051815,.0062299,.0174798,.1167835,2.06e+08,6929,1112210,3.56e+10,.0057729,.0079656,.0177277,.1739726,4.72e+08,10255,1287406,6.42e+10,.0073586,.0157583,.0302057,.2628376,1.53e+09,19053,1209075,9.13e+10,.016796,14473,280495,.0190827,.0515981,.0116145
"Electrical machinery, equipment, and supplies, n.e.c.",.0094443,.0070072,.197742,5.27e+07,6900,730600,6.64e+09,.0079352,.0076461,.0057649,.1788139,1.04e+08,7100,928580,1.50e+10,.0069345,.006354,.0069703,.2307982,2.01e+08,7067,1112210,3.56e+10,.0056398,.0162816,.0151275,.2296751,9.93e+08,20961,1287406,6.42e+10,.0154747,.0156831,.0202961,.2942708,1.53e+09,18962,1209075,9.13e+10,.0167305,11862,280495,.0186591,.0422895,.0097959
"Engineering, architectural, and surveying services",.0158774,.0390704,.1834184,1.37e+08,11600,730600,6.64e+09,.0206718,.0139568,.0240249,.1286862,2.64e+08,12960,928580,1.50e+10,.0175835,.0119105,.0203399,.1666665,5.01e+08,13247,1112210,3.56e+10,.0140615,.0126021,.0138615,.156328,8.83e+08,16224,1287406,6.42e+10,.01376,.0144482,.0127576,.2501684,1.44e+09,17469,1209075,9.13e+10,.01573,4509,280495,.0153651,.0160752,-.0018534
"Accounting, auditing, and bookkeeping services",.0127293,.0353075,.1289404,9.30e+07,9300,730600,6.64e+09,.0140014,.0139568,.0319732,.0864655,2.25e+08,12960,928580,1.50e+10,.0150063,.0174688,.0289259,.1056802,6.15e+08,19429,1112210,3.56e+10,.0172635,.0114556,.0181856,.0561377,7.06e+08,14748,1287406,6.42e+10,.0110042,.0144185,.0186714,.1275064,1.22e+09,17433,1209075,9.13e+10,.0133309,4473.001,280495,.013001,.0159468,-.0016755
"Offices and clinics of dentists",.0258691,.0940767,.1667856,2.14e+08,18900,730600,6.64e+09,.0321712,.0250705,.0617408,.1562943,4.08e+08,23280,928580,1.50e+10,.0272015,.0231584,.0479064,.1041649,8.26e+08,25757,1112210,3.56e+10,.0231769,.0168362,.0333484,.1687159,1.12e+09,21675,1287406,6.42e+10,.0174557,.0142952,.0197178,.1916837,1.05e+09,17284,1209075,9.13e+10,.0115014,-5996,280495,.0084104,-.0213765,-.0157001
"Drugs",.0031481,.0167394,.3057889,2.28e+07,2300,730600,6.64e+09,.0034345,.0031661,.0144443,.3045415,5.63e+07,2940,928580,1.50e+10,.0037472,.0044668,.0189602,.3818373,1.88e+08,4968,1112210,3.56e+10,.0052733,.0076394,.0274422,.3777022,6.08e+08,9835,1287406,6.42e+10,.0094761,.0142803,.0348368,.414799,1.75e+09,17266,1209075,9.13e+10,.0191947,14326,280495,.0222361,.051074,.0154475
"Business services, n.e.c.",.0053381,.0099668,-.0144301,2.67e+07,3900,730600,6.64e+09,.0040149,.0087661,.0115671,-.0811958,1.02e+08,8140,928580,1.50e+10,.0067868,.0118782,.0112964,-.0302287,3.10e+08,13211,1112210,3.56e+10,.0086938,.0161752,.0147043,.0250899,8.07e+08,20824,1287406,6.42e+10,.0125681,.0109116,.0080612,-.0563928,6.16e+08,13193,1209075,9.13e+10,.0067461,5052.999,280495,.0067381,.0180146,-.0000407
"Telephone communications",.0023269,.0019041,.3148872,1.24e+07,1700,730600,6.64e+09,.0018623,.0030369,.0024977,.4426782,5.15e+07,2820,928580,1.50e+10,.0034311,.0044947,.004381,.4006145,1.64e+08,4999,1112210,3.56e+10,.0045954,.0135994,.0131244,.3962521,8.98e+08,17508,1287406,6.42e+10,.0139882,.009877,.0112274,.3253058,8.90e+08,11942,1209075,9.13e+10,.0097554,9122,280495,.0110005,.0325211,.0063242
"Medical, dental, and optical instruments and supplies",.0017794,.0106557,.1821399,9727569,1300,730600,6.64e+09,.0014651,.0020031,.0074003,.1609335,2.67e+07,1860,928580,1.50e+10,.0017753,.002406,.0093968,.2234889,7.58e+07,2676,1112210,3.56e+10,.0021269,.0051911,.0155241,.2052698,3.06e+08,6683,1287406,6.42e+10,.0047723,.0097595,.0211368,.2863331,9.02e+08,11800,1209075,9.13e+10,.0098879,9940,280495,.0114852,.0354374,.0081126
"Research, development, and testing services",.0017794,.0112166,.1813962,1.34e+07,1300,730600,6.64e+09,.0020229,.0033384,.0089024,.1326721,5.83e+07,3100,928580,1.50e+10,.0038815,.0047995,.0105322,.1312943,1.81e+08,5338,1112210,3.56e+10,.0050935,.0050932,.0145742,.132963,3.58e+08,6557,1287406,6.42e+10,.0055789,.0089035,.0187723,.2696011,9.53e+08,10765,1209075,9.13e+10,.0104367,7665,280495,.0117273,.0273267,.0065551
"Eating and drinking places",.0106762,.00398,-.3296,3.10e+07,7800,730600,6.64e+09,.0046634,.012643,.0034818,-.3537495,8.01e+07,11740,928580,1.50e+10,.0053341,.0112569,.002655,-.3187264,1.49e+08,12520,1112210,3.56e+10,.0041908,.0117026,.0026902,-.2838668,2.65e+08,15066,1287406,6.42e+10,.0041274,.0088605,.0011981,-.2712807,2.32e+08,10713,1209075,9.13e+10,.0025456,-1027,280495,.0019966,-.0036614,-.0027884
"Professional and commercial equipment and supplies",,,,,,,,,,,,,,,,,.0026128,.017503,.2096068,9.53e+07,2906,1112210,3.56e+10,.0026758,.0072005,.0230162,.2329621,4.76e+08,9270,1287406,6.42e+10,.0074226,.0081318,.0274025,.2994977,8.06e+08,9832,1209075,9.13e+10,.0088359,,,,,
"Miscellaneous professional and related services ",,,,,,,,,.0036615,.0269627,-.3829334,4.86e+07,3400,928580,1.50e+10,.0032382,.0058982,.0254663,-.2025967,2.10e+08,6560,1112210,3.56e+10,.0058925,.0072448,.0178661,-.2720367,3.57e+08,9327,1287406,6.42e+10,.0055628,.0066704,.0110804,-.3753741,3.86e+08,8065,1209075,9.13e+10,.0042328,4665,280495,.0044286,.0166313,.0009945
"Elementary and secondary schools",.008623,.0015877,-.1520808,4.02e+07,6300,730600,6.64e+09,.0060517,.0060523,.0010077,-.2186887,6.54e+07,5620,928580,1.50e+10,.0043571,.0038653,.0006899,-.2224485,9.60e+07,4299,1112210,3.56e+10,.002696,.0061294,.0010486,-.2354967,2.49e+08,7891,1287406,6.42e+10,.0038739,.0066117,.0009677,-.2242358,3.53e+08,7994,1209075,9.13e+10,.0038666,2374,280495,.00377,.0084636,-.0004905
"Theaters and motion pictures",.0064331,.0292107,-.0656999,3.64e+07,4700,730600,6.64e+09,.0054879,.0061815,.0197264,-.1909772,7.58e+07,5740,928580,1.50e+10,.0050471,.00835,.022452,-.095535,2.50e+08,9287,1112210,3.56e+10,.007025,.0063088,.0299821,.0681552,3.89e+08,8122,1287406,6.42e+10,.0060634,.006385,.0188527,.0284625,4.92e+08,7720,1209075,9.13e+10,.0053959,1980,280495,.0054645,.0070589,.0003487
"Motor vehicle dealers",.0110868,.012219,.098424,6.69e+07,8100,730600,6.64e+09,.0100766,.011243,.0123729,.0821265,1.63e+08,10440,928580,1.50e+10,.0108581,.0080345,.0083112,.1180117,2.38e+08,8936,1112210,3.56e+10,.0066948,.0102641,.0120777,.1806974,5.54e+08,13214,1287406,6.42e+10,.0086257,.0058491,.0060316,.1742534,3.69e+08,7072,1209075,9.13e+10,.0040419,-3368,280495,.0026999,-.0120073,-.0068163
"Advertising",.0090337,.0476879,.3012595,6.89e+07,6600,730600,6.64e+09,.0103765,.0052123,.0244444,.1488454,8.29e+07,4840,928580,1.50e+10,.0055239,.0076613,.027853,.205213,2.85e+08,8521,1112210,3.56e+10,.0079956,.0098687,.0244406,.202072,6.37e+08,12705,1287406,6.42e+10,.0099296,.0057168,.0146541,.2584167,5.43e+08,6912,1209075,9.13e+10,.0059514,2072,280495,.0060355,.0073869,.0004275
"Personnel supply services",.0006844,.0045208,-.1554913,2610488,500,730600,6.64e+09,.0003932,.0021969,.0087068,-.2108331,2.08e+07,2040,928580,1.50e+10,.0013863,.0035937,.009574,-.164434,7.85e+07,3997,1112210,3.56e+10,.0022027,.0042714,.007367,-.1555228,1.58e+08,5499,1287406,6.42e+10,.0024593,.0055389,.0068837,-.2207282,2.75e+08,6697,1209075,9.13e+10,.0030165,4657,280495,.0033375,.0166028,.0016302
"Services incidental to transportation",.0015056,.0114943,.1770369,8347127,1100,730600,6.64e+09,.0012572,.0024338,.0108895,.0580192,3.04e+07,2260,928580,1.50e+10,.0020275,.0032916,.0075494,.1025013,9.15e+07,3661,1112210,3.56e+10,.0025698,.0049075,.0070652,.0806605,2.36e+08,6318,1287406,6.42e+10,.0036831,.0054926,.0060478,.0563535,3.44e+08,6641,1209075,9.13e+10,.0037647,4381,280495,.0041067,.0156188,.0017372
"Trucking service",.0117711,.0092853,.1492123,7.38e+07,8600,730600,6.64e+09,.0111103,.015766,.0110704,.1873068,2.59e+08,14640,928580,1.50e+10,.0172345,.0094559,.0062075,.097692,2.74e+08,10517,1112210,3.56e+10,.0076949,.0077512,.0047934,.0860605,3.69e+08,9979,1287406,6.42e+10,.0057541,.0054877,.0027527,.060545,3.20e+08,6635,1209075,9.13e+10,.0035055,-8005,280495,.0008025,-.0285388,-.013729
"Printing, publishing, and allied industries, except newspapers",.0105393,.0108588,.181934,6.33e+07,7700,730600,6.64e+09,.0095275,.0125353,.0119113,.1095053,1.73e+08,11640,928580,1.50e+10,.0115123,.0139308,.0112652,.1581901,4.20e+08,15494,1112210,3.56e+10,.0117824,.0116886,.0122165,.1376444,6.17e+08,15048,1287406,6.42e+10,.0096094,.0054132,.0081415,.0421786,3.56e+08,6545,1209075,9.13e+10,.0039048,-5095,280495,.002407,-.0181643,-.0076076
"Industrial and miscellaneous chemicals",.0079387,.0122208,.2037686,5.66e+07,5800,730600,6.64e+09,.0085238,.0073015,.0124262,.2697506,1.36e+08,6780,928580,1.50e+10,.0090418,.005739,.0126176,.3244608,2.36e+08,6383,1112210,3.56e+10,.0066153,.0045363,.0123679,.3340356,3.21e+08,5840,1287406,6.42e+10,.005006,.0053173,.0165584,.379746,5.21e+08,6429,1209075,9.13e+10,.0057068,-351,280495,.0050501,-.0012514,-.003335
"Miscellaneous personal services ",.0046537,.0243031,-.1155532,2.54e+07,3400,730600,6.64e+09,.0038301,.0005815,.0042816,-.3514695,4830888,540,928580,1.50e+10,.0003218,.0014026,.0047447,-.3850993,2.52e+07,1560,1112210,3.56e+10,.0007061,.0040112,.0078337,-.2163749,1.50e+08,5164,1287406,6.42e+10,.0023344,.0050923,.0052819,-.2874488,2.24e+08,6157,1209075,9.13e+10,.0024568,5617,280495,.0028771,.0200253,.002135
"Radio, TV, and computer stores",.0031481,.0113468,-.0327225,1.65e+07,2300,730600,6.64e+09,.0024887,.0029723,.0088078,-.0991978,3.53e+07,2760,928580,1.50e+10,.0023479,.0042852,.0138066,.1011615,1.38e+08,4766,1112210,3.56e+10,.0038627,.0129485,.0216932,.2130921,8.20e+08,16670,1287406,6.42e+10,.0127701,.0049219,.010196,.0897703,3.06e+08,5951,1209075,9.13e+10,.0033489,3191,280495,.003546,.0113763,.001001
"Drugs, chemicals, and allied products",.0013687,.008058,.1493926,8613296,1000,730600,6.64e+09,.0012973,.0029077,.017259,.1610947,4.62e+07,2700,928580,1.50e+10,.0030766,.0027072,.0157145,.2583503,9.98e+07,3011,1112210,3.56e+10,.0028023,.0029649,.0192341,.2849506,2.04e+08,3817,1287406,6.42e+10,.0031822,.0048359,.0238996,.3460215,5.00e+08,5847,1209075,9.13e+10,.0054733,3147,280495,.0059451,.0112195,.0023967
"Air transportation",.0135505,.0267857,.3487304,9.59e+07,9900,730600,6.64e+09,.0144427,.0144522,.0260128,.34486,2.75e+08,13420,928580,1.50e+10,.0182906,.0108316,.0161032,.2636963,3.88e+08,12047,1112210,3.56e+10,.0108874,.0079369,.0154855,.1955188,4.75e+08,10218,1287406,6.42e+10,.0073977,.0048078,.0111641,.1721157,3.88e+08,5813,1209075,9.13e+10,.0042485,-7607,280495,.0014839,-.0271199,-.0140421
"Membership organizations, n.e.c.",.0027375,.0071403,-.0318116,1.42e+07,2000,730600,6.64e+09,.0021358,.0023907,.0064569,-.0639915,2.98e+07,2220,928580,1.50e+10,.0019816,.0017596,.0065278,-.1217304,4.35e+07,1957,1112210,3.56e+10,.0012204,.0039164,.0063216,-.0741097,1.74e+08,5042,1287406,6.42e+10,.0027115,.0046093,.006783,-.041934,2.95e+08,5573,1209075,9.13e+10,.0032268,3353,280495,.0034719,.0119539,.0012452
"Petroleum refining",.0034218,.0137817,.2444915,2.57e+07,2500,730600,6.64e+09,.0038664,.0029507,.0151834,.3718142,6.14e+07,2740,928580,1.50e+10,.0040906,.0017254,.0120046,.3615444,7.44e+07,1919,1112210,3.56e+10,.0020895,.001416,.0140824,.4208766,1.12e+08,1823,1287406,6.42e+10,.0017392,.0043372,.0302122,.6152699,5.19e+08,5244,1209075,9.13e+10,.0056877,2504,280495,.0060021,.0089271,.0015971
"Aircraft and parts",.0042431,.0044254,.2883539,3.15e+07,3100,730600,6.64e+09,.0047433,.0031015,.0046712,.2835093,5.52e+07,2880,928580,1.50e+10,.0036747,.002611,.0046016,.3533764,1.03e+08,2904,1112210,3.56e+10,.0028795,.0019737,.005915,.3195788,1.33e+08,2541,1287406,6.42e+10,.0020672,.0043322,.0091021,.4039108,4.34e+08,5238,1209075,9.13e+10,.0047534,2358,280495,.0049658,.0084066,.0010787
"Groceries and related products",.0106762,.0135417,.0691634,6.09e+07,7800,730600,6.64e+09,.009166,.0073876,.0097543,.071932,1.02e+08,6860,928580,1.50e+10,.0067874,.0056293,.0081727,.0966662,1.58e+08,6261,1112210,3.56e+10,.0044239,.0054971,.0088212,.0947391,2.58e+08,7077,1287406,6.42e+10,.0040247,.0043248,.0066157,.0867913,2.57e+08,5229,1209075,9.13e+10,.0028188,-1631,280495,.0020374,-.0058147,-.0039686
"Computers and related equipment",.0027375,.0106157,.3005334,2.02e+07,2000,730600,6.64e+09,.0030369,.0043507,.0095332,.2793577,7.58e+07,4040,928580,1.50e+10,.0050467,.006345,.0133463,.3704931,2.73e+08,7057,1112210,3.56e+10,.0076699,.0086989,.026414,.3566442,7.09e+08,11199,1287406,6.42e+10,.0110498,.0042371,.029964,.4344908,5.40e+08,5123,1209075,9.13e+10,.0059189,1083,280495,.0060906,.003861,.0008722
"Catalog and mail order houses",,,,,,,,,.0006246,.0044595,-.0812675,5878876,580,928580,1.50e+10,.0003916,.0009854,.0078489,-.0701581,2.11e+07,1096,1112210,3.56e+10,.0005931,.0033758,.0156332,.009853,1.63e+08,4346,1287406,6.42e+10,.0025365,.0042173,.0138722,-.0561765,2.71e+08,5099,1209075,9.13e+10,.0029721,4519,280495,.0034802,.0161108,.0025806
"Machinery, equipment, and supplies",.0142349,.0241299,.2174456,1.01e+08,10400,730600,6.64e+09,.0152692,.0169722,.019584,.1717622,2.77e+08,15760,928580,1.50e+10,.0184461,.0111795,.0137628,.2334655,4.07e+08,12434,1112210,3.56e+10,.0114222,.0050808,.012762,.1764631,2.87e+08,6541,1287406,6.42e+10,.0044694,.0041983,.0124527,.269435,3.43e+08,5076,1209075,9.13e+10,.0037534,-10684,280495,.0008606,-.0380898,-.0146928
"Electric light and power",.0009581,.0018397,.1910019,6227866,700,730600,6.64e+09,.000938,.0017231,.0026557,.2676815,3.02e+07,1600,928580,1.50e+10,.0020085,.0015249,.002625,.3673666,6.17e+07,1696,1112210,3.56e+10,.0017312,.0032344,.0064265,.3729992,2.28e+08,4164,1287406,6.42e+10,.0035476,.0041428,.0075851,.4901779,4.25e+08,5009,1209075,9.13e+10,.0046542,3409,280495,.005175,.0121535,.0026456
"Grocery stores",.0064331,.0035979,-.0718975,2.58e+07,4700,730600,6.64e+09,.0038891,.0068276,.0034366,-.0049989,6.87e+07,6340,928580,1.50e+10,.004573,.0061175,.0026674,-.1222878,1.08e+08,6804,1112210,3.56e+10,.0030322,.0047957,.0025366,-.1386117,1.37e+08,6174,1287406,6.42e+10,.0021378,.0040519,.0017808,-.2103671,1.33e+08,4899,1209075,9.13e+10,.0014549,-1441,280495,.000841,-.0051373,-.0031181
"Agricultural production, crops",.0235423,.0089471,-.4363797,9.39e+07,17200,730600,6.64e+09,.0141366,.0189106,.0143342,-.3144273,2.03e+08,17560,928580,1.50e+10,.0135469,.0067469,.0066371,-.3373864,1.38e+08,7504,1112210,3.56e+10,.0038815,.0037207,.0050806,-.2957726,1.26e+08,4790,1287406,6.42e+10,.0019559,.00374,.0039923,-.1686324,1.72e+08,4522,1209075,9.13e+10,.0018873,-13038,280495,-.0004083,-.0464821,-.0116596
"Machinery, except electrical, n.e.c.",.009718,.0089976,.1813582,5.98e+07,7100,730600,6.64e+09,.0090016,.0088738,.0076189,.1589707,1.30e+08,8240,928580,1.50e+10,.0086373,.0066588,.0073859,.1776411,2.02e+08,7406,1112210,3.56e+10,.0056599,.0056664,.0071941,.148424,2.86e+08,7295,1287406,6.42e+10,.0044628,.0036805,.0049414,.17261,2.49e+08,4450,1209075,9.13e+10,.0027265,-3790,280495,.0015628,-.0135118,-.0059108
"Miscellaneous retail stores",.0073912,.0123231,-.1530273,3.37e+07,5400,730600,6.64e+09,.0050831,.0037477,.0073794,-.2856145,3.58e+07,3480,928580,1.50e+10,.0023821,.0036495,.0074901,-.1898131,7.83e+07,4059,1112210,3.56e+10,.0021978,.0032064,.0056022,-.2199359,1.12e+08,4128,1287406,6.42e+10,.0017408,.0035349,.0040259,-.2177906,1.48e+08,4274,1209075,9.13e+10,.001617,794,280495,.0014664,.0028307,-.0007651
"Drug stores",.003285,.0071111,-.1513122,1.44e+07,2400,730600,6.64e+09,.0021694,.0027354,.0060809,-.152284,2.75e+07,2540,928580,1.50e+10,.0018333,.0028915,.0061112,-.0819897,6.60e+07,3216,1112210,3.56e+10,.0018526,.0026806,.0057502,-.0223883,1.12e+08,3451,1287406,6.42e+10,.0017486,.0034555,.0047843,.0209853,1.98e+08,4178,1209075,9.13e+10,.0021714,1638,280495,.002238,.0058397,.0003381
"Miscellaneous entertainment and recreation services ",.0039693,.0117647,-.2058339,1.72e+07,2900,730600,6.64e+09,.0025876,.0035754,.0065758,-.294437,3.26e+07,3320,928580,1.50e+10,.0021701,.0046511,.0057502,-.2566321,9.16e+07,5173,1112210,3.56e+10,.0025704,.0035451,.0034032,-.206036,1.17e+08,4564,1287406,6.42e+10,.0018151,.0032033,.0021389,-.3085485,1.17e+08,3873,1209075,9.13e+10,.0012791,553,280495,.0011037,.0019715,-.000891
"Electrical goods",.0060224,.0247469,.2073068,4.10e+07,4400,730600,6.64e+09,.0061767,.0046738,.0183665,.1519982,7.17e+07,4340,928580,1.50e+10,.0047778,.0040631,.0127729,.2757556,1.48e+08,4519,1112210,3.56e+10,.0041575,.0046279,.0163191,.1991265,2.71e+08,5958,1287406,6.42e+10,.0042273,.0031876,.0172017,.2531922,2.80e+08,3854,1209075,9.13e+10,.0030714,-486,280495,.0027355,-.0017327,-.0017063
"Miscellaneous wholesale, nondurable goods",.010813,.0262284,.116041,6.77e+07,7900,730600,6.64e+09,.0101989,.0021969,.0131971,-.0215885,2.72e+07,2040,928580,1.50e+10,.0018146,.0019655,.0103808,-.0002783,4.99e+07,2186,1112210,3.56e+10,.0014018,.00183,.0115817,-.0397255,7.68e+07,2356,1287406,6.42e+10,.0011968,.0030842,.0123754,.0227498,2.14e+08,3729,1209075,9.13e+10,.0023451,1689,280495,.0024496,.0060215,.0005305
"Motor vehicles and motor vehicle equipment",.0050643,.0036189,.2838466,3.39e+07,3700,730600,6.64e+09,.005107,.0069138,.0055464,.3447775,1.26e+08,6420,928580,1.50e+10,.0084233,.0047905,.0047913,.3271376,1.75e+08,5328,1112210,3.56e+10,.0049175,.0073629,.0065143,.316155,4.36e+08,9479,1287406,6.42e+10,.0067988,.0030238,.0028891,.2211125,2.01e+08,3656,1209075,9.13e+10,.0022044,-2764,280495,.00098,-.009854,-.0062189
"Hotels and motels",.0034218,.0050927,-.2885026,1.10e+07,2500,730600,6.64e+09,.0016512,.0035323,.0041729,-.2602098,2.71e+07,3280,928580,1.50e+10,.0018017,.0034769,.0033812,-.1867296,5.94e+07,3867,1112210,3.56e+10,.0016673,.0042294,.0043803,-.1552987,1.29e+08,5445,1287406,6.42e+10,.0020085,.0029022,.0023899,-.1553502,1.12e+08,3509,1209075,9.13e+10,.0012274,229.0002,280495,.0011144,.0008164,-.0005743
"Radio, TV, and communication equipment",.0020531,.0028318,.2452948,1.23e+07,1500,730600,6.64e+09,.0018517,.0032307,.0051628,.2561248,4.95e+07,3000,928580,1.50e+10,.0032993,.0029095,.0080134,.3197866,1.09e+08,3236,1112210,3.56e+10,.0030527,.0038185,.0185418,.3166775,2.78e+08,4916,1287406,6.42e+10,.0043298,.0028882,.023359,.3569299,3.26e+08,3492,1209075,9.13e+10,.0035728,492.0002,280495,.0036266,.001754,.0002735
"Miscellaneous manufacturing industries",.0061593,.0101192,.0766249,2.99e+07,4500,730600,6.64e+09,.0045039,.0042861,.0098413,.0304025,5.12e+07,3980,928580,1.50e+10,.0034115,.002861,.0094371,.0594743,7.31e+07,3182,1112210,3.56e+10,.002051,.002345,.007196,.0366639,1.01e+08,3019,1287406,6.42e+10,.0015723,.0027715,.006463,.0049362,1.57e+08,3351,1209075,9.13e+10,.0017227,-629,280495,.0013902,-.0022425,-.0016887
"Department stores",.0073912,.0041725,-.1312479,2.51e+07,5400,730600,6.64e+09,.0037806,.0045661,.0026288,-.153711,3.66e+07,4240,928580,1.50e+10,.0024377,.0028115,.0019192,-.1694953,4.49e+07,3127,1112210,3.56e+10,.0012594,.0039816,.0025626,-.1760454,1.05e+08,5126,1287406,6.42e+10,.0016349,.0027451,.0015736,-.248355,8.55e+07,3319,1209075,9.13e+10,.0009373,-921,280495,.0006419,-.0032835,-.0015004
"Scientific and controlling instruments",.0005475,.0036463,.1922348,3254002,400,730600,6.64e+09,.0004901,.0017446,.0069954,.1881605,2.49e+07,1620,928580,1.50e+10,.0016588,.0014143,.0071736,.2523036,4.90e+07,1573,1112210,3.56e+10,.0013745,.00222,.011747,.2520229,1.46e+08,2858,1287406,6.42e+10,.0022814,.0025954,.011268,.3291681,2.59e+08,3138,1209075,9.13e+10,.0028367,1518,280495,.0030686,.0054119,.0011779
"Apparel and accessory stores, except shoe",.0061593,.0088426,-.1494471,2.28e+07,4500,730600,6.64e+09,.0034279,.0046953,.0069787,-.2130778,3.81e+07,4360,928580,1.50e+10,.0025354,.0028996,.0044569,-.1589319,4.85e+07,3225,1112210,3.56e+10,.0013608,.0023644,.0051061,-.1380698,7.08e+07,3044,1287406,6.42e+10,.0011025,.0024754,.0029132,-.2036621,8.34e+07,2993,1209075,9.13e+10,.0009133,-1367,280495,.0005939,-.0048735,-.0016221
"Agricultural production, livestock",,,,,,,,,.011803,.0142515,-.3163095,1.26e+08,10960,928580,1.50e+10,.0083664,.0034085,.0057048,-.3404759,7.03e+07,3791,1112210,3.56e+10,.0019721,.0015722,.003828,-.3263337,5.39e+07,2024,1287406,6.42e+10,.0008393,.002468,.0061244,-.0922822,1.23e+08,2984,1209075,9.13e+10,.0013523,-7976,280495,-.0000287,-.0284354,-.0070142
"Veterinary services",,,,,,,,,,,,,,,,,.0026506,.0240702,-.1332128,7.53e+07,2948,1112210,3.56e+10,.0021148,.0019388,.0124593,-.0782967,8.99e+07,2496,1287406,6.42e+10,.0014012,.0024672,.0090428,.011953,1.32e+08,2983,1209075,9.13e+10,.0014464,,,,,
"Miscellaneous plastics products",.0017794,.0055249,.0745266,8462404,1300,730600,6.64e+09,.0012746,.0037692,.0079574,.1360268,4.78e+07,3500,928580,1.50e+10,.003184,.0028781,.0072681,.1501847,7.51e+07,3201,1112210,3.56e+10,.0021075,.0027124,.0055452,.1065269,1.16e+08,3492,1287406,6.42e+10,.0018089,.0022323,.0065267,.0810043,1.26e+08,2699,1209075,9.13e+10,.0013825,-801,280495,.0010278,-.0028557,-.0018015
"Petroleum products",.0034218,.0153941,.1372689,2.26e+07,2500,730600,6.64e+09,.0033966,.0044153,.0240356,.202252,7.80e+07,4100,928580,1.50e+10,.0051983,.0027576,.0186241,.21544,1.02e+08,3067,1112210,3.56e+10,.0028688,.0013438,.0112182,.1869863,7.81e+07,1730,1287406,6.42e+10,.0012172,.0021827,.0235094,.3632707,2.17e+08,2639,1209075,9.13e+10,.002379,-1461,280495,.0018239,-.0052086,-.0028193
"Apparel, fabrics, and notions",.0057487,.0477816,.2233376,4.19e+07,4200,730600,6.64e+09,.0063179,.0037261,.0309703,.1169381,5.58e+07,3460,928580,1.50e+10,.0037136,.0033914,.0281901,.1622821,1.11e+08,3772,1112210,3.56e+10,.0031153,.0024631,.0265145,.1154943,1.42e+08,3171,1287406,6.42e+10,.0022089,.0021355,.0211851,.1305395,1.64e+08,2582,1209075,9.13e+10,.0017978,-878,280495,.0014206,-.0031302,-.0019158
"Justice, public order, and safety",.0069806,.0029639,.0775211,3.93e+07,5100,730600,6.64e+09,.0059214,.00336,.0022713,.1022274,5.12e+07,3120,928580,1.50e+10,.0034098,.0023763,.0014729,.2008096,7.90e+07,2643,1112210,3.56e+10,.0022188,.003824,.0019957,.198759,2.09e+08,4923,1287406,6.42e+10,.0032633,.002114,.0009828,.2730013,1.60e+08,2556,1209075,9.13e+10,.0017538,-564,280495,.0014278,-.0020107,-.0016559
"Nursing and personal care facilities",.0016425,.0026189,-.2417206,4209271,1200,730600,6.64e+09,.000634,.0019384,.0018231,-.1911259,1.28e+07,1800,928580,1.50e+10,.0008537,.0018657,.0016057,-.1657559,2.91e+07,2075,1112210,3.56e+10,.0008162,.0029416,.0025341,-.0456128,8.99e+07,3787,1287406,6.42e+10,.0014003,.0019784,.0013158,.0056524,8.16e+07,2392,1209075,9.13e+10,.0008943,592,280495,.0009022,.0021106,.0000405
"Miscellaneous fabricated metal products",.00438,.0088398,.149443,2.52e+07,3200,730600,6.64e+09,.0037985,.0033815,.007241,.1694779,4.87e+07,3140,928580,1.50e+10,.0032405,.0019592,.006534,.1693365,5.63e+07,2179,1112210,3.56e+10,.0015812,.0028157,.0081828,.1269902,1.32e+08,3625,1287406,6.42e+10,.0020637,.0019775,.0057893,.1134955,1.18e+08,2391,1209075,9.13e+10,.0012889,-749,280495,.0009047,-.0026703,-.0019516
"Manufacturing industries, n.s. ",.0030112,.0113813,.0084427,1.48e+07,2200,730600,6.64e+09,.0022232,.0028646,.0106836,-.0435279,3.29e+07,2660,928580,1.50e+10,.0021923,.005695,.0092381,.0600064,1.53e+08,6334,1112210,3.56e+10,.0042826,.0050023,.0096843,.032761,2.23e+08,6440,1287406,6.42e+10,.003472,.0018651,.0054849,-.0518516,9.67e+07,2255,1209075,9.13e+10,.0010599,-405,280495,.000837,-.0014439,-.0011324
"Fabricated structural metal products",.0031481,.0061878,.1469941,1.88e+07,2300,730600,6.64e+09,.0028319,.0047384,.0101038,.1356591,6.95e+07,4400,928580,1.50e+10,.0046279,.0024474,.0073234,.1292118,7.09e+07,2722,1112210,3.56e+10,.001989,.0024072,.0074343,.1305124,1.14e+08,3099,1287406,6.42e+10,.0017804,.0017625,.0063266,.148845,1.06e+08,2131,1209075,9.13e+10,.0011602,-2269,280495,.0004774,-.0080893,-.0034678
"National security and international affairs ",.0075281,.0036113,.2495879,5.18e+07,5500,730600,6.64e+09,.0078061,.0018308,.0026353,.2208086,3.13e+07,1700,928580,1.50e+10,.0020835,.0008587,.001344,.1945192,2.87e+07,955,1112210,3.56e+10,.0008068,.0010649,.0023092,.2405217,6.59e+07,1371,1287406,6.42e+10,.0010273,.0017592,.0022106,.3711167,1.61e+08,2127,1209075,9.13e+10,.0017627,427,280495,.0016995,.0015223,-.0003208
"Services to dwellings and other buildings",.0017794,.0085079,-.1795545,7486826,1300,730600,6.64e+09,.0011276,.0010985,.0033964,-.3469568,9378469,1020,928580,1.50e+10,.0006246,.0015285,.0024108,-.4103847,2.36e+07,1700,1112210,3.56e+10,.0006625,.0018627,.0028685,-.328966,5.21e+07,2398,1287406,6.42e+10,.0008112,.0017559,.0015412,-.4076709,5.53e+07,2123,1209075,9.13e+10,.0006056,1103,280495,.0006018,.0039323,-.0000191
"Automotive repair and related services",.0036956,.0069089,-.0751368,1.82e+07,2700,730600,6.64e+09,.0027391,.0035107,.0050318,-.1080244,4.02e+07,3260,928580,1.50e+10,.0026789,.0035785,.0042449,-.0998199,8.08e+07,3980,1112210,3.56e+10,.0022693,.002815,.0028714,-.0689661,1.08e+08,3624,1287406,6.42e+10,.0016773,.001741,.0018107,-.0632333,8.33e+07,2105,1209075,9.13e+10,.000913,-1155,280495,.0005653,-.0041177,-.0017659
"Gas and steam supply systems",.0005475,.0031546,.1330119,3376798,400,730600,6.64e+09,.0005086,.0010769,.0060386,.2168802,1.78e+07,999.9999,928580,1.50e+10,.0011879,.0010187,.0068072,.3376206,3.83e+07,1133,1112210,3.56e+10,.0010743,.0011729,.0093441,.3347296,7.81e+07,1510,1287406,6.42e+10,.0012171,.001693,.0118916,.5187408,1.66e+08,2047,1209075,9.13e+10,.0018163,1047,280495,.00194,.0037327,.0006283
"Lumber and construction materials",.0038325,.0240964,.1235422,2.58e+07,2800,730600,6.64e+09,.0038901,.00308,.0195089,.136957,4.79e+07,2860,928580,1.50e+10,.0031889,.0016705,.0109792,.1327453,5.08e+07,1858,1112210,3.56e+10,.001427,.0018215,.0130276,.1372907,9.63e+07,2345,1287406,6.42e+10,.0015006,.0016922,.0126292,.147735,1.20e+08,2046,1209075,9.13e+10,.0013115,-814,280495,.0009419,-.002902,-.0018774
"Beverage industries",.0016425,.0060393,.1158978,9565697,1200,730600,6.64e+09,.0014407,.0016154,.0074456,.1941176,2.49e+07,1500,928580,1.50e+10,.0016573,.0013765,.0088261,.2491722,4.79e+07,1531,1112210,3.56e+10,.0013441,.0015465,.0112047,.2061749,8.79e+07,1991,1287406,6.42e+10,.0013698,.0016872,.0088085,.1149522,1.14e+08,2040,1209075,9.13e+10,.0012457,540,280495,.0011647,.0019252,-.0004116
"Lumber and building material retailing",.0052012,.0124142,-.0038566,2.84e+07,3800,730600,6.64e+09,.0042802,.0047815,.0120456,-.0005683,6.13e+07,4440,928580,1.50e+10,.0040854,.002959,.00724,-.0040007,7.16e+07,3291,1112210,3.56e+10,.0020103,.0029524,.0050584,.0185799,1.19e+08,3801,1287406,6.42e+10,.0018561,.0016558,.002207,-.0962688,7.46e+07,2002,1209075,9.13e+10,.0008173,-2438,280495,.0001738,-.0086918,-.0032681
"Retail trade, n.s. ",.0019162,.0086687,-.1238921,8255233,1400,730600,6.64e+09,.0012434,.0024123,.0098731,-.1996971,2.50e+07,2240,928580,1.50e+10,.0016623,.0043283,.0076416,-.1800442,9.25e+07,4814,1112210,3.56e+10,.0025967,.0030348,.0088983,-.166935,1.20e+08,3907,1287406,6.42e+10,.0018659,.0015971,.0044257,-.182489,7.23e+07,1931,1209075,9.13e+10,.0007923,-308.9999,280495,.000621,-.0011016,-.00087
"Gasoline service stations",.0038325,.0046342,-.1708595,1.63e+07,2800,730600,6.64e+09,.0024509,.0047169,.0080892,-.182916,4.87e+07,4380,928580,1.50e+10,.0032414,.0019583,.0046333,-.1944845,3.69e+07,2178,1112210,3.56e+10,.0010356,.0011574,.0040146,-.2060563,3.25e+07,1490,1287406,6.42e+10,.0005057,.0015541,.0034319,-.2416891,5.24e+07,1879,1209075,9.13e+10,.0005743,-2501,280495,.0000492,-.0089164,-.0026671
"General government, n.e.c.",,,,,,,,,.0026277,.0020284,.0333388,3.40e+07,2440,928580,1.50e+10,.0022662,.0014961,.0012703,.1024911,4.40e+07,1664,1112210,3.56e+10,.0012342,.0024157,.0027142,.079851,1.20e+08,3110,1287406,6.42e+10,.001867,.0015516,.0016354,.123489,1.06e+08,1876,1209075,9.13e+10,.001164,-564,280495,.000947,-.0020107,-.0011022
"Landscape and horticultural services",.0012319,.0077855,-.2749887,5244991,900,730600,6.64e+09,.00079,.0015938,.0072442,-.3386268,1.52e+07,1480,928580,1.50e+10,.0010129,.002326,.0043161,-.3136568,4.30e+07,2587,1112210,3.56e+10,.0012077,.0017011,.0028767,-.2808052,5.02e+07,2190,1287406,6.42e+10,.0007825,.001502,.0015573,-.3813114,5.17e+07,1816,1209075,9.13e+10,.0005668,336,280495,.0004789,.0011979,-.0004461
"Detective and protective services",.0005475,.0050826,-.2092082,2642745,400,730600,6.64e+09,.000398,.0011415,.0048834,-.2761116,1.17e+07,1060,928580,1.50e+10,.0007805,.0012354,.0038702,-.2239453,2.66e+07,1374,1112210,3.56e+10,.0007463,.0016296,.0045016,-.1736898,5.98e+07,2098,1287406,6.42e+10,.0009317,.0014739,.0022324,-.1202593,6.95e+07,1782,1209075,9.13e+10,.0007613,721.9999,280495,.0007576,.002574,-.0000191
"Apparel and accessories, except knit",.0114974,.0080092,.0793051,3.90e+07,8400,730600,6.64e+09,.0058671,.0073445,.0061651,-.0349642,5.67e+07,6820,928580,1.50e+10,.0037791,.0047347,.0060614,-.0692002,7.99e+07,5266,1112210,3.56e+10,.0022416,.0022394,.0068456,-.1106778,6.96e+07,2883,1287406,6.42e+10,.0010839,.0014614,.0084469,-.0747103,6.99e+07,1767,1209075,9.13e+10,.0007655,-5053,280495,.0001721,-.0180146,-.0030136
"Educational services, n.e.c.",.0017794,.0080197,-.3918532,7560130,1300,730600,6.64e+09,.0011387,.0003446,.0026837,-.6426706,2749901,320,928580,1.50e+10,.0001832,.0011302,.0062702,-.4959967,2.45e+07,1257,1112210,3.56e+10,.0006889,.0008397,.0035914,-.5564178,2.80e+07,1081,1287406,6.42e+10,.0004359,.0014523,.0027262,-.5376515,6.53e+07,1756,1209075,9.13e+10,.0007151,1436,280495,.0008199,.0051195,.000532
"Furniture and fixtures",.0046537,.0084117,.0166593,2.13e+07,3400,730600,6.64e+09,.0032033,.0035969,.00658,-.0124699,3.86e+07,3340,928580,1.50e+10,.0025712,.0027477,.0054734,.0339897,6.20e+07,3056,1112210,3.56e+10,.0017403,.0025695,.0050341,.0162361,9.83e+07,3308,1287406,6.42e+10,.0015308,.0014093,.0042249,-.0106292,6.80e+07,1704,1209075,9.13e+10,.0007451,-1636,280495,.0003855,-.0058325,-.0018261
"Residential care facilities, without nursing",.0001369,.002924,-.2457128,421681.3,100,730600,6.64e+09,.0000635,.0000862,.0008696,-.2393903,715368.9,80,928580,1.50e+10,.0000476,.0003471,.0013618,-.2143427,6411711,386,1112210,3.56e+10,.00018,.0008878,.0024344,-.1763717,2.66e+07,1143,1287406,6.42e+10,.0004139,.0013481,.0017101,-.1233056,5.12e+07,1630,1209075,9.13e+10,.0005612,1550,280495,.0006623,.0055259,.0005136
"Grain mill products",.001095,.0068729,.0933242,6183368,800,730600,6.64e+09,.0009313,.0010338,.006993,.1577848,1.55e+07,960,928580,1.50e+10,.001032,.0008272,.0088561,.1993739,2.67e+07,920,1112210,3.56e+10,.0007502,.0008537,.009828,.1697557,4.56e+07,1099,1287406,6.42e+10,.0007106,.0013382,.0107697,.2451224,9.75e+07,1618,1209075,9.13e+10,.0010684,658,280495,.0010756,.0023459,.0000364
"Offices and clinics of optometrists",,,,,,,,,.0023261,.0468343,-.0454772,3.97e+07,2160,928580,1.50e+10,.0026459,.0014269,.0275015,-.0300169,4.70e+07,1587,1112210,3.56e+10,.0013207,.0009282,.0146813,.025894,5.29e+07,1195,1287406,6.42e+10,.0008247,.0013151,.012726,.0547923,8.23e+07,1590,1209075,9.13e+10,.0009022,-570,280495,.0005588,-.0020321,-.0017437
"Auto and home supply stores",.0016425,.0070381,-.0336273,8166370,1200,730600,6.64e+09,.00123,.0020677,.006512,-.0320229,2.40e+07,1920,928580,1.50e+10,.001596,.0012399,.0040172,-.0292573,2.82e+07,1379,1112210,3.56e+10,.0007913,.0011519,.003703,-.0383244,4.28e+07,1483,1287406,6.42e+10,.0006665,.0013093,.0034587,-.0997802,5.50e+07,1583,1209075,9.13e+10,.0006021,-337.0001,280495,.0004064,-.0012014,-.000994
"Hardware, plumbing and heating supplies",.0036956,.0249077,.1441249,2.45e+07,2700,730600,6.64e+09,.0036891,.0036184,.0149174,.0854817,5.24e+07,3360,928580,1.50e+10,.0034892,.0028052,.0107386,.1309741,8.46e+07,3120,1112210,3.56e+10,.0023735,.0017159,.0128063,.1453037,9.12e+07,2209,1287406,6.42e+10,.0014205,.0013043,.0087719,.2143364,9.43e+07,1577,1209075,9.13e+10,.0010328,-1783,280495,.0005491,-.0063566,-.0024565
"Miscellaneous repair services ",.0020531,.0064185,-.0506463,1.06e+07,1500,730600,6.64e+09,.0015943,.0020461,.0066041,-.1433322,2.43e+07,1900,928580,1.50e+10,.001618,.0013037,.0039389,-.1319111,3.10e+07,1450,1112210,3.56e+10,.0008711,.0006237,.0022343,-.1720909,2.36e+07,803,1287406,6.42e+10,.000367,.0012985,.0035279,-.0933902,6.53e+07,1570,1209075,9.13e+10,.0007158,-330,280495,.0005381,-.0011765,-.0009022
"Miscellaneous wholesale, durable goods",0,0,.0729888,0,0,730600,6.64e+09,0,.0035754,.0260351,.1013967,5.38e+07,3320,928580,1.50e+10,.0035828,.0018764,.0204084,.0943016,5.82e+07,2087,1112210,3.56e+10,.0016344,.0031932,.0200242,.119623,1.82e+08,4111,1287406,6.42e+10,.002837,.0012663,.0127177,.0908964,9.16e+07,1531,1209075,9.13e+10,.0010034,-1789,280495,.0004955,-.006378,-.0025795
"Sanitary services",.0006844,.0029691,-.0507928,3311149,500,730600,6.64e+09,.0004987,.0010338,.0042565,-.0726933,1.27e+07,959.9999,928580,1.50e+10,.0008435,.0010097,.0047527,.0947222,2.89e+07,1123,1112210,3.56e+10,.0008113,.0017244,.0055811,.0828543,8.08e+07,2220,1287406,6.42e+10,.0012588,.0012654,.0026969,.1109929,7.51e+07,1530,1209075,9.13e+10,.0008226,570.0001,280495,.0008185,.0020321,-.0000209
"Savings institutions, including credit unions",,,,,,,,,.0023907,.0119252,.2211727,2.88e+07,2220,928580,1.50e+10,.0019187,.0013595,.0057114,.2384032,3.44e+07,1512,1112210,3.56e+10,.0009646,.0004389,.0027908,.1773752,1.71e+07,565,1287406,6.42e+10,.0002657,.0012406,.0055767,.2539121,7.57e+07,1500,1209075,9.13e+10,.0008297,-720,280495,.0006153,-.0025669,-.001089
"Metalworking machinery",.0047906,.0112721,.2730851,3.32e+07,3500,730600,6.64e+09,.0049983,.0039415,.0101797,.2337743,6.34e+07,3660,928580,1.50e+10,.0042227,.0021291,.0080094,.2468086,7.11e+07,2368,1112210,3.56e+10,.0019952,.0014914,.0086061,.2234601,8.18e+07,1920,1287406,6.42e+10,.0012747,.0012323,.0101562,.241529,8.97e+07,1490,1209075,9.13e+10,.0009824,-2170,280495,.0003444,-.0077363,-.0032403
"Motor vehicles and equipment",.0050643,.0170115,.1198526,3.18e+07,3700,730600,6.64e+09,.0047924,.0039846,.0135017,.110844,5.86e+07,3700,928580,1.50e+10,.0038999,.0029761,.0105441,.1139722,9.13e+07,3310,1112210,3.56e+10,.0025639,.0016125,.0085507,.0564911,7.89e+07,2076,1287406,6.42e+10,.0012285,.0011794,.0063698,.024087,6.91e+07,1426,1209075,9.13e+10,.0007568,-2274,280495,.0001379,-.0081071,-.0031431
"Administration of human resources programs",,,,,,,,,.00112,.0017316,.099368,1.41e+07,1040,928580,1.50e+10,.0009423,.0005404,.0013304,.0830594,1.51e+07,601,1112210,3.56e+10,.0004252,.0011209,.0022147,.084758,5.44e+07,1443,1287406,6.42e+10,.0008468,.0011397,.0016963,.0487651,7.38e+07,1378,1209075,9.13e+10,.000809,338,280495,.0007828,.001205,-.0001333
"Canned, frozen, and preserved fruits and vegetables",.001095,.0041472,-.0724639,4475127,800,730600,6.64e+09,.000674,.0011846,.0057555,.0426275,1.35e+07,1100,928580,1.50e+10,.0009016,.0008335,.0058424,.0729505,2.07e+07,927,1112210,3.56e+10,.0005818,.0008187,.0074642,.0710371,3.43e+07,1054,1287406,6.42e+10,.0005351,.0011149,.0076413,.0725701,6.15e+07,1348,1209075,9.13e+10,.0006733,248,280495,.0006283,.0008842,-.0002283
"Water transportation",.00219,.0100376,.1581491,1.48e+07,1600,730600,6.64e+09,.0022333,.0032738,.0166758,.2259242,5.86e+07,3040,928580,1.50e+10,.0039057,.0018333,.0143046,.1985956,6.63e+07,2039,1112210,3.56e+10,.0018611,.0003262,.0086308,.1872991,1.99e+07,420,1287406,6.42e+10,.0003097,.0011091,.0177058,.2971101,9.84e+07,1341,1209075,9.13e+10,.0010776,-1699,280495,.0005208,-.0060571,-.0028281
"Railroads",.0019162,.002331,.158738,1.20e+07,1400,730600,6.64e+09,.0018049,.0013354,.0021814,.3474156,2.52e+07,1240,928580,1.50e+10,.0016786,.001052,.0035026,.3394547,4.13e+07,1170,1112210,3.56e+10,.0011582,.0007907,.0038319,.3451737,5.04e+07,1018,1287406,6.42e+10,.0007855,.0010893,.0050344,.4907421,9.66e+07,1317,1209075,9.13e+10,.0010586,77,280495,.0009366,.0002745,-.0006199
"Pulp, paper, and paperboard mills",.0017794,.0041613,.1981142,1.08e+07,1300,730600,6.64e+09,.0016338,.0020031,.0061614,.2720867,3.44e+07,1860,928580,1.50e+10,.0022902,.0017802,.0061421,.3363566,6.67e+07,1980,1112210,3.56e+10,.0018714,.0013143,.0061668,.2978921,7.86e+07,1692,1287406,6.42e+10,.0012241,.0010777,.0064816,.3349198,8.58e+07,1303,1209075,9.13e+10,.0009404,-557,280495,.0006746,-.0019858,-.0013498
"Furniture and home furnishings stores",.0049275,.01202,-.0028841,2.64e+07,3600,730600,6.64e+09,.0039824,.0049323,.0099272,-.0999671,5.76e+07,4580,928580,1.50e+10,.0038331,.0037817,.0081359,-.0755489,9.04e+07,4206,1112210,3.56e+10,.0025371,.0034822,.0078178,-.0320753,1.44e+08,4483,1287406,6.42e+10,.002245,.0010496,.0025703,-.0888891,5.19e+07,1269,1209075,9.13e+10,.000569,-3311,280495,-.0000737,-.0118041,-.0032641
"Guided missiles, space vehicles, and parts",,,,,,,,,.0017231,.0080564,.2977062,3.56e+07,1600,928580,1.50e+10,.0023678,.0027594,.0078853,.4010776,1.28e+08,3069,1112210,3.56e+10,.0035819,.0018425,.0105221,.3555794,1.49e+08,2372,1287406,6.42e+10,.002315,.0010338,.0141613,.4424631,1.13e+08,1250,1209075,9.13e+10,.0012378,-350,280495,.0010153,-.0012478,-.0011301
"Soaps and cosmetics",.0017794,.0130785,.1944886,1.05e+07,1300,730600,6.64e+09,.0015799,.0014646,.0104055,.2391057,2.23e+07,1360,928580,1.50e+10,.0014821,.0016175,.0134501,.2574018,5.41e+07,1799,1112210,3.56e+10,.0015189,.0014968,.0166589,.2492264,9.14e+07,1927,1287406,6.42e+10,.001424,.0010198,.0088918,.1688975,7.71e+07,1233,1209075,9.13e+10,.0008443,-126.9999,280495,.0007187,-.0004528,-.0006379
"Farm supplies",.0008212,.0058196,-.1343184,4012667,600,730600,6.64e+09,.0006044,.0014431,.0116198,-.0283337,1.88e+07,1340,928580,1.50e+10,.0012548,.0007211,.007482,-.0473984,1.86e+07,802,1112210,3.56e+10,.0005221,.0003697,.0061277,-.0145439,1.65e+07,476,1287406,6.42e+10,.0002574,.0010165,.0284814,.1813455,8.87e+07,1229,1209075,9.13e+10,.0009718,-111,280495,.0009161,-.0003957,-.000283
"Blast furnaces, steelworks, rolling and finishing mills",.0035587,.0048753,.2120275,2.31e+07,2600,730600,6.64e+09,.0034784,.0035323,.0049249,.3787997,6.78e+07,3280,928580,1.50e+10,.0045156,.0016777,.0048569,.268246,5.92e+07,1866,1112210,3.56e+10,.0016623,.0014883,.0058928,.2470854,8.30e+07,1916,1287406,6.42e+10,.0012934,.0009503,.0040343,.3021332,6.93e+07,1149,1209075,9.13e+10,.0007597,-2131,280495,.0000202,-.0075973,-.0037559
"Bus service and urban transit",.0015056,.0035121,-.1808139,7069081,1100,730600,6.64e+09,.0010647,.0009477,.0024698,-.0490563,1.22e+07,880,928580,1.50e+10,.0008104,.0008569,.0023076,-.0469754,2.15e+07,953,1112210,3.56e+10,.0006036,.0008241,.002519,-.050391,3.44e+07,1061,1287406,6.42e+10,.0005354,.0009487,.0022542,-.0610378,4.88e+07,1147,1209075,9.13e+10,.0005343,267,280495,.0004799,.0009519,-.0002761
"Construction and material handling machines",.0016425,.0048251,.1947027,1.05e+07,1200,730600,6.64e+09,.0015747,.003123,.0077715,.2494983,5.19e+07,2900,928580,1.50e+10,.0034563,.001675,.0090055,.2213116,5.80e+07,1863,1112210,3.56e+10,.001627,.0008164,.0084428,.2413966,4.82e+07,1051,1287406,6.42e+10,.0007515,.0009396,.0065896,.3164524,7.27e+07,1136,1209075,9.13e+10,.0007965,-1764,280495,.0002728,-.0062889,-.0026598
"Electric and gas, and other combinations",.001095,.005102,.252413,7572143,800,730600,6.64e+09,.0011405,.0006892,.0041661,.3037728,1.28e+07,640,928580,1.50e+10,.0008536,.0003408,.0027363,.416607,1.44e+07,379,1112210,3.56e+10,.0004046,.0001592,.0046442,.3764697,1.09e+07,205,1287406,6.42e+10,.0001694,.0009379,.0135148,.5051211,9.91e+07,1134,1209075,9.13e+10,.0010858,494,280495,.0011315,.0017612,.0002322
"Miscellaneous general merchandise stores",.0020531,.008918,-.1829487,7106228,1500,730600,6.64e+09,.0010703,.0006461,.0046026,-.1739955,5620708,600,928580,1.50e+10,.0003744,.000348,.002904,-.2153279,5667164,387,1112210,3.56e+10,.0001591,.0002501,.0028472,-.2553372,6708813,322,1287406,6.42e+10,.0001045,.0009296,.0019716,-.2575353,2.91e+07,1124,1209075,9.13e+10,.0003184,524,280495,.0003073,.0018681,-.000056
"Offices and clinics of chiropractors",.0012319,.0661765,-.0953108,1.04e+07,900.0001,730600,6.64e+09,.0015737,.0018092,.0498516,-.11819,2.96e+07,1680,928580,1.50e+10,.0019745,.0065132,.0832462,-.0172877,2.90e+08,7244,1112210,3.56e+10,.0081408,.0020219,.0242912,-.1539214,1.28e+08,2603,1287406,6.42e+10,.0019879,.0009238,.0082554,-.2842709,5.68e+07,1117,1209075,9.13e+10,.0006223,-563,280495,.0003561,-.0020072,-.0013522
"Retail nurseries and garden stores",,,,,,,,,.0003231,.0056075,-.1985738,3291819,300,928580,1.50e+10,.0002192,.0002302,.0036648,-.2626418,4455939,256,1112210,3.56e+10,.0001251,.0007115,.0049763,-.1256346,2.76e+07,916,1287406,6.42e+10,.0004306,.0009139,.0052017,-.1058313,4.57e+07,1105,1209075,9.13e+10,.0005009,805,280495,.0005564,.0028699,.0002817
"Misc. food preparations and kindred products",.0013687,.0075019,.1162273,7442461,1000,730600,6.64e+09,.0011209,.0016369,.0096324,.1040221,2.14e+07,1520,928580,1.50e+10,.0014232,.000775,.0059896,.0616876,1.94e+07,862.0001,1112210,3.56e+10,.0005444,.0014735,.012497,.1244548,7.42e+07,1897,1287406,6.42e+10,.0011554,.0008908,.0050192,.0770067,4.97e+07,1077,1209075,9.13e+10,.0005441,-443,280495,.000371,-.0015794,-.0008791
"Furniture and home furnishings",,,,,,,,,.0021323,.0269902,.1017784,3.20e+07,1980,928580,1.50e+10,.0021342,.0017155,.0189061,.1738692,5.48e+07,1908,1112210,3.56e+10,.0015393,.001298,.0170974,.11975,7.04e+07,1671,1287406,6.42e+10,.0010963,.0008792,.0118225,.128642,6.20e+07,1063,1209075,9.13e+10,.000679,-917,280495,.0003925,-.0032692,-.0014552
"Glass and glass products",.0009581,.0040023,.1821019,5297988,700,730600,6.64e+09,.000798,.0013138,.0052764,.2047272,1.84e+07,1220,928580,1.50e+10,.0012226,.0006752,.0036802,.1691017,1.90e+07,751,1112210,3.56e+10,.0005333,.0005903,.0045424,.1196367,2.67e+07,760,1287406,6.42e+10,.0004155,.0008775,.0074961,.1450375,5.39e+07,1061,1209075,9.13e+10,.0005908,-159,280495,.0004664,-.0005669,-.0006318
"Social services, n.e.c.",.0005475,.0012841,-.0013562,2359666,400,730600,6.64e+09,.0003554,.0009261,.0016985,-.1292396,9214798,860,928580,1.50e+10,.0006137,.0012408,.0018664,-.1564014,2.73e+07,1380,1112210,3.56e+10,.0007675,.0010781,.0021667,-.2018451,3.81e+07,1388,1287406,6.42e+10,.000594,.000861,.0006342,-.2716207,3.59e+07,1041,1209075,9.13e+10,.0003938,181,280495,.0003505,.0006453,-.0002199
"Paints, varnishes, and related products",.0016425,.0181818,.1727851,1.00e+07,1200,730600,6.64e+09,.0015129,.0007969,.0103323,.162922,1.23e+07,740,928580,1.50e+10,.0008218,.0006608,.0105216,.1816713,2.09e+07,735,1112210,3.56e+10,.0005878,.0006121,.0111317,.2210363,3.48e+07,788,1287406,6.42e+10,.0005415,.0008387,.0147431,.2217584,6.50e+07,1014,1209075,9.13e+10,.000712,274,280495,.0006904,.0009768,-.0001098
"Gift, novelty, and souvenir shops",,,,,,,,,,,,,,,,,.0004208,.0029732,-.4473619,6174822,468,1112210,3.56e+10,.0001733,.0006121,.0035932,-.3781612,1.72e+07,788,1287406,6.42e+10,.0002679,.0008304,.0077574,-.5165331,2.69e+07,1004,1209075,9.13e+10,.0002944,,,,,
"Child day care services",,,,,,,,,.0003446,.0009639,-.6110754,1696899,320,928580,1.50e+10,.000113,.0003309,.0006299,-.6020291,3395110,368,1112210,3.56e+10,.0000953,.0012482,.0010899,-.5385475,2.30e+07,1607,1287406,6.42e+10,.0003585,.000813,.0006812,-.4424431,2.16e+07,983,1209075,9.13e+10,.0002363,663,280495,.0002605,.0023637,.0001232
"Sawmills, planing mills, and millwork",.0020531,.0047125,-.0886165,9604147,1500,730600,6.64e+09,.0014465,.0028,.0071784,.0108511,3.51e+07,2600,928580,1.50e+10,.0023387,.0014799,.0045736,.0091297,3.54e+07,1646,1112210,3.56e+10,.0009948,.0017306,.0048839,-.0082228,6.81e+07,2228,1287406,6.42e+10,.0010602,.0007626,.002411,-.0192756,3.80e+07,922,1209075,9.13e+10,.0004161,-1678,280495,.0000375,-.0059823,-.0019227
"Newspaper publishing and printing",.00219,.0043069,-.0209864,1.14e+07,1600,730600,6.64e+09,.0017204,.0031661,.0066139,-.0898781,3.86e+07,2940,928580,1.50e+10,.0025696,.0021471,.0049559,-.0916416,5.46e+07,2388,1112210,3.56e+10,.0015324,.0022378,.0060986,-.0997961,9.63e+07,2881,1287406,6.42e+10,.0015008,.0007212,.0039765,-.2710556,3.68e+07,872,1209075,9.13e+10,.0004034,-2068,280495,-.000023,-.0073727,-.0021661
"Alcoholic beverages",.0013687,.0125786,.1688724,9126729,999.9999,730600,6.64e+09,.0013746,.00168,.013966,.145644,2.68e+07,1560,928580,1.50e+10,.0017869,.0013028,.0123238,.1832894,4.30e+07,1449,1112210,3.56e+10,.0012072,.0009057,.0092337,.1670823,4.77e+07,1166,1287406,6.42e+10,.0007439,.0007088,.0061797,.2257596,5.08e+07,857,1209075,9.13e+10,.0005571,-703,280495,.000315,-.0025063,-.0012298
"Wholesale trade, n.s. ",.0020531,.0236593,.1256166,1.32e+07,1500,730600,6.64e+09,.001982,.0078615,.0384372,.0723006,1.36e+08,7300,928580,1.50e+10,.0090529,.0082691,.0257067,.0869176,2.94e+08,9197,1112210,3.56e+10,.0082459,.0040453,.0194794,.0297736,2.38e+08,5208,1287406,6.42e+10,.0037096,.0006997,.0102186,-.0719172,4.27e+07,846.0001,1209075,9.13e+10,.000468,-6454,280495,-.0012223,-.0230093,-.008585
"Jewelry stores",.0019162,.0150376,-.0808685,9437895,1400,730600,6.64e+09,.0014215,.0014431,.0097682,-.1074921,1.48e+07,1340,928580,1.50e+10,.0009836,.0008784,.0058105,-.0711056,1.95e+07,977,1112210,3.56e+10,.0005477,.0008972,.0067446,-.0524505,3.57e+07,1155,1287406,6.42e+10,.0005565,.0006873,.0050347,-.1158597,3.48e+07,831,1209075,9.13e+10,.0003815,-509,280495,.000263,-.0018146,-.0006021
"Laundry, cleaning, and garment services",.0041062,.0061627,-.1701869,1.41e+07,3000,730600,6.64e+09,.0021211,.0015723,.0040693,-.2312827,1.32e+07,1460,928580,1.50e+10,.0008813,.001506,.0039747,-.2170354,2.57e+07,1675,1112210,3.56e+10,.0007207,.0008148,.0032251,-.2107342,2.35e+07,1049,1287406,6.42e+10,.0003661,.0006782,.0031967,-.2333208,2.44e+07,820,1209075,9.13e+10,.0002675,-640,280495,.0001466,-.0022817,-.0006138
"Cement, concrete, gypsum, and plaster products",.0034218,.0141403,.1264328,2.10e+07,2500,730600,6.64e+09,.0031618,.0017877,.0095876,.1730718,2.80e+07,1660,928580,1.50e+10,.0018678,.0011338,.0092415,.1790286,3.58e+07,1261,1112210,3.56e+10,.0010056,.0010486,.0079825,.1717211,5.33e+07,1350,1287406,6.42e+10,.0008311,.0006757,.0057836,.1926444,4.48e+07,817,1209075,9.13e+10,.000491,-843,280495,.0002199,-.0030054,-.0013768
"Miscellaneous paper and pulp products",.0017794,.00958,.1783733,9954676,1300,730600,6.64e+09,.0014993,.0014646,.0076836,.1885903,2.06e+07,1360,928580,1.50e+10,.0013733,.0011976,.0082864,.2134504,3.54e+07,1332,1112210,3.56e+10,.0009945,.000922,.008206,.2050336,4.65e+07,1187,1287406,6.42e+10,.0007245,.0006683,.0083692,.2158944,4.51e+07,808,1209075,9.13e+10,.0004942,-552,280495,.0003211,-.0019679,-.0008791
"U.S. Postal Service",.001095,.0011576,.0743825,6263534,800.0001,730600,6.64e+09,.0009434,.0009261,.0012287,.2486303,1.56e+07,860,928580,1.50e+10,.001042,.0006914,.0009039,.2964153,2.31e+07,769,1112210,3.56e+10,.0006485,.0010688,.0015533,.2287479,5.43e+07,1376,1287406,6.42e+10,.0008459,.0006526,.0012342,.2508509,4.12e+07,789.0001,1209075,9.13e+10,.0004518,-70.99994,280495,.0003356,-.0002531,-.0005902
"Food stores, n.e.c.",.0002737,.0018975,-.1558177,1157865,200,730600,6.64e+09,.0001744,.0006461,.0043681,-.245451,6006595,600,928580,1.50e+10,.0004001,.0005332,.0041661,-.2008481,1.01e+07,593,1112210,3.56e+10,.0002847,.0006183,.004481,-.1896596,2.02e+07,796,1287406,6.42e+10,.0003142,.0006211,.003361,-.2514763,2.23e+07,751,1209075,9.13e+10,.0002445,151,280495,.0002139,.0005383,-.0001556
"Shoe stores",.0012319,.0075949,-.1260108,5076380,900,730600,6.64e+09,.0007646,.0008185,.0053566,-.1522572,7321546,760,928580,1.50e+10,.0004876,.0004954,.0037952,-.1085053,8501019,551,1112210,3.56e+10,.0002386,.0003837,.0039991,-.0686983,1.12e+07,494,1287406,6.42e+10,.0001748,.0006203,.0043549,-.1664961,2.02e+07,750,1209075,9.13e+10,.0002215,-10,280495,.0001691,-.0000357,-.0002662
"Hardware stores",.0024637,.0094787,-.0874379,1.22e+07,1800,730600,6.64e+09,.0018321,.0013569,.0075712,-.1482586,1.44e+07,1260,928580,1.50e+10,.0009585,.0007103,.0046356,-.1918413,1.46e+07,789.9999,1112210,3.56e+10,.0004109,.0005158,.0040848,-.1539633,1.83e+07,663.9999,1287406,6.42e+10,.0002854,.0006187,.0042226,-.1796629,2.60e+07,748,1209075,9.13e+10,.0002844,-512,280495,.0001517,-.0018253,-.0006741
"Metals and minerals, except petroleum",.0031481,.0255556,.2487671,2.28e+07,2300,730600,6.64e+09,.0034349,.0024984,.0228257,.2268033,4.24e+07,2320,928580,1.50e+10,.0028262,.0021282,.0248376,.2572444,7.87e+07,2367,1112210,3.56e+10,.0022095,.0014479,.0218155,.245174,9.04e+07,1864,1287406,6.42e+10,.0014082,.0006087,.0121216,.2295228,4.90e+07,736,1209075,9.13e+10,.0005368,-1584,280495,.000086,-.0056472,-.0022894
"Scrap and waste materials",.0020531,.0210379,-.059006,1.11e+07,1500,730600,6.64e+09,.0016724,.0017661,.015236,-.1153755,2.15e+07,1640,928580,1.50e+10,.0014331,.001462,.011912,-.0858499,3.60e+07,1626,1112210,3.56e+10,.0010112,.0006082,.0074315,-.077708,2.51e+07,783,1287406,6.42e+10,.0003907,.0006005,.0073894,-.0958656,3.16e+07,726,1209075,9.13e+10,.0003459,-914,280495,.0001318,-.0032585,-.0010873
"Administration of environmental quality and housing programs",,,,,,,,,.0003662,.0013942,-.0404229,4995761,340,928580,1.50e+10,.0003327,.0002598,.0019683,.0619099,8598119,289,1112210,3.56e+10,.0002414,.0001375,.0007583,.0715212,8037445,177,1287406,6.42e+10,.0001252,.000598,.0030316,.1056871,4.71e+07,723,1209075,9.13e+10,.000516,383,280495,.0005521,.0013654,.0001833
"Plastics, synthetics, and resins",.001095,.0056818,.1839057,6576023,800,730600,6.64e+09,.0009904,.0016584,.0067325,.1777797,2.44e+07,1540,928580,1.50e+10,.001627,.0011581,.0076403,.2420885,3.85e+07,1288,1112210,3.56e+10,.0010817,.0002726,.0061992,.2636726,1.61e+07,351,1287406,6.42e+10,.0002513,.0005897,.004032,.1265763,3.51e+07,713.0001,1209075,9.13e+10,.0003851,-826.9999,280495,.0001406,-.0029484,-.0012419
"Sporting goods, bicycles, and hobby stores",,,,,,,,,.0012277,.0064016,-.3374296,1.06e+07,1140,928580,1.50e+10,.0007047,.0011284,.0047041,-.3475946,1.95e+07,1255,1112210,3.56e+10,.0005469,.001183,.0045735,-.2975125,3.54e+07,1523,1287406,6.42e+10,.0005522,.0005881,.0015552,-.3036283,2.04e+07,711,1209075,9.13e+10,.0002234,-429,280495,.0001287,-.0015294,-.0004812
"Funeral service and crematories",,,,,,,,,.0011846,.0175159,-.123645,1.74e+07,1100,928580,1.50e+10,.0011568,.0009378,.0145305,-.0728763,2.98e+07,1043,1112210,3.56e+10,.0008365,.0009259,.0103333,-.0352271,4.64e+07,1192,1287406,6.42e+10,.0007225,.0005806,.0062151,-.1023924,3.36e+07,702,1209075,9.13e+10,.0003679,-398,280495,.0002126,-.0014189,-.0007889
"Automotive rental and leasing, without drivers",,,,,,,,,,,,,,,,,.0008578,.0070728,.0631616,2.13e+07,954,1112210,3.56e+10,.0005987,.0011838,.0095365,.0304983,5.18e+07,1524,1287406,6.42e+10,.0008066,.0005475,.004044,-.0375848,2.96e+07,662,1209075,9.13e+10,.0003245,,,,,
"Religious organizations",.0016425,.0029791,-.6302074,6267870,1200,730600,6.64e+09,.000944,.0010985,.0017977,-.6446396,9609417,1020,928580,1.50e+10,.00064,.0005898,.0009043,-.6148271,1.13e+07,656,1112210,3.56e+10,.0003174,.0006851,.0010395,-.5451101,2.30e+07,882,1287406,6.42e+10,.0003589,.0005409,.0007249,-.5480253,2.34e+07,654,1209075,9.13e+10,.0002563,-366,280495,.0001807,-.0013048,-.0003838
"Paper and paper products",.0012319,.0129496,.1426518,8088281,900,730600,6.64e+09,.0012182,.0024984,.0224981,.1434309,3.93e+07,2320,928580,1.50e+10,.0026159,.0022064,.0193619,.2213392,7.50e+07,2454,1112210,3.56e+10,.002104,.0015683,.0175122,.1711916,9.02e+07,2019,1287406,6.42e+10,.0014059,.0005351,.0112399,.1493689,3.96e+07,647,1209075,9.13e+10,.0004338,-1673,280495,4.18e-06,-.0059645,-.0021821
"Primary aluminum industries",.001095,.0056657,.1667857,6702181,800,730600,6.64e+09,.0010094,.0012061,.006523,.2759989,2.08e+07,1120,928580,1.50e+10,.0013858,.0008362,.0067211,.2533123,2.81e+07,930,1112210,3.56e+10,.000788,.0006564,.0085306,.2033194,3.52e+07,844.9999,1287406,6.42e+10,.000548,.0005103,.0089027,.2392697,3.50e+07,617,1209075,9.13e+10,.000384,-503,280495,.0001868,-.0017933,-.0010018
"Sugar and confectionery products",.001095,.0118871,.1199405,5018366,800,730600,6.64e+09,.0007558,.0007323,.0067313,.1021208,9404195,680,928580,1.50e+10,.0006264,.0006599,.0081543,.126326,1.80e+07,734,1112210,3.56e+10,.0005058,.0005103,.0084438,.096733,2.34e+07,657,1287406,6.42e+10,.000365,.0005053,.0080505,.0797682,3.04e+07,611,1209075,9.13e+10,.0003329,-69,280495,.0002751,-.000246,-.0002935
"Meat products",.0006844,.0018832,.099067,3420019,500,730600,6.64e+09,.0005151,.0016154,.004788,.0983427,1.96e+07,1500,928580,1.50e+10,.0013072,.0010843,.0039595,.0041381,2.19e+07,1206,1112210,3.56e+10,.0006145,.00103,.0032276,-.0061908,3.27e+07,1326,1287406,6.42e+10,.0005093,.0005053,.0014347,.0400246,2.20e+07,611,1209075,9.13e+10,.0002411,-889,280495,.0000312,-.0031694,-.0010661
"Book and stationery stores",,,,,,,,,.0015292,.010266,-.2562981,1.45e+07,1420,928580,1.50e+10,.0009671,.0006662,.0038417,-.270566,1.23e+07,741,1112210,3.56e+10,.0003451,.0013096,.004931,-.2034491,4.48e+07,1686,1287406,6.42e+10,.0006983,.0004987,.002419,-.2686594,2.09e+07,603,1209075,9.13e+10,.0002292,-817,280495,.0000839,-.0029127,-.0007379
"Miscellaneous vehicle dealers",.0026006,.0267606,.0215167,1.53e+07,1900,730600,6.64e+09,.002307,.0007969,.0100983,-.0634486,9832679,740,928580,1.50e+10,.0006549,.0006968,.0091775,-.0142045,1.88e+07,775,1112210,3.56e+10,.0005278,.0012203,.011308,.0730389,5.96e+07,1571,1287406,6.42e+10,.0009287,.0004731,.0041117,.0675206,2.72e+07,572,1209075,9.13e+10,.0002975,-168,280495,.0002272,-.0005989,-.0003574
"Fuel dealers",.0012319,.0099228,-.0064186,6912040,900.0001,730600,6.64e+09,.0010411,.0009261,.0101583,.0021697,1.25e+07,860,928580,1.50e+10,.0008351,.0008308,.0082507,.1002715,2.45e+07,924,1112210,3.56e+10,.000689,.0003705,.0078804,.0452839,1.73e+07,477,1287406,6.42e+10,.00027,.0004532,.0067126,.1006488,2.72e+07,548,1209075,9.13e+10,.0002975,-312,280495,.0001916,-.0011123,-.0005376
"Yarn, thread, and fabric mills",.0035587,.0044399,.0744598,1.42e+07,2600,730600,6.64e+09,.0021421,.0035538,.0059711,.0618814,3.66e+07,3300,928580,1.50e+10,.0024353,.0017011,.0039854,.0948854,3.68e+07,1892,1112210,3.56e+10,.001033,.0009383,.0051157,.0618414,3.53e+07,1208,1287406,6.42e+10,.0005502,.000435,.0049373,.0247385,2.31e+07,526,1209075,9.13e+10,.0002527,-2774,280495,-.0001771,-.0098897,-.0021826
"Dairy products",.0015056,.0070649,.0661606,8480668,1100,730600,6.64e+09,.0012773,.00084,.0053675,.0974523,1.13e+07,780,928580,1.50e+10,.0007538,.0007481,.0061448,.1275097,2.05e+07,832,1112210,3.56e+10,.0005745,.0004024,.0047954,.1411306,1.84e+07,518,1287406,6.42e+10,.0002866,.0004251,.0035753,.2221744,2.69e+07,514,1209075,9.13e+10,.0002953,-266,280495,.000205,-.0009483,-.0004585
"Warehousing and storage",.0009581,.0058528,-.0046397,4711773,700,730600,6.64e+09,.0007097,.0013784,.0070345,.0096217,1.68e+07,1280,928580,1.50e+10,.0011163,.001052,.0060541,-.0296349,2.41e+07,1170,1112210,3.56e+10,.0006767,.0008342,.0041682,-.0158066,3.13e+07,1074,1287406,6.42e+10,.0004872,.0004086,.0010458,-.0788327,1.54e+07,494,1209075,9.13e+10,.0001685,-786,280495,-.0000181,-.0028022,-.0009478
"Video tape rental",,,,,,,,,,,,,,,,,.0003381,.0035792,-.3907867,4333027,376,1112210,3.56e+10,.0001216,.000306,.0036981,-.3493286,6171140,394,1287406,6.42e+10,.0000961,.000402,.0347664,-.2027676,2.17e+07,486,1209075,9.13e+10,.0002379,,,,,
"Administration of economic programs",,,,,,,,,.0013784,.0024914,.0744113,2.13e+07,1280,928580,1.50e+10,.0014183,.0007238,.0015177,.03463,2.22e+07,805,1112210,3.56e+10,.0006231,.000936,.0021325,-.0116924,4.75e+07,1205,1287406,6.42e+10,.0007405,.0003987,.0010004,.2234772,3.35e+07,482,1209075,9.13e+10,.0003675,-798,280495,.0001607,-.002845,-.0010507
"Misc. nonmetallic mineral and stone products",.0005475,.0035492,.108489,3144951,400,730600,6.64e+09,.0004737,.0009692,.0067771,.1345218,1.37e+07,900,928580,1.50e+10,.0009127,.0006851,.0069171,.1853425,2.07e+07,762,1112210,3.56e+10,.000582,.0004474,.0071817,.1392049,2.16e+07,576,1287406,6.42e+10,.0003371,.0003987,.0064375,.1186846,2.47e+07,482,1209075,9.13e+10,.0002704,-418,280495,.0001439,-.0014902,-.0006423
"Farm machinery and equipment",.0008212,.0042735,.1171276,4765321,600,730600,6.64e+09,.0007177,.0011631,.0058397,.2379843,1.85e+07,1080,928580,1.50e+10,.0012305,.0005512,.0065569,.1174615,1.67e+07,613,1112210,3.56e+10,.0004676,.0006377,.008288,.1014138,3.14e+07,820.9999,1287406,6.42e+10,.0004893,.0003896,.0047251,.164949,2.66e+07,471,1209075,9.13e+10,.0002914,-609,280495,.0001065,-.0021712,-.0009391
"Public finance, taxation, and monetary policy",,,,,,,,,.0005169,.0017522,.1262044,7061650,480,928580,1.50e+10,.0004703,.0002922,.0010466,.1457878,8550496,325,1112210,3.56e+10,.00024,.0005266,.0020625,.1827098,2.80e+07,678,1287406,6.42e+10,.0004355,.0003887,.0015862,.239823,2.91e+07,470,1209075,9.13e+10,.0003189,-10.00006,280495,.0002891,-.0000357,-.0001514
"Toys, amusement, and sporting goods",,,,,,,,,.00112,.0082579,-.0204966,1.14e+07,1040,928580,1.50e+10,.0007563,.0010744,.0095119,-.0536263,2.49e+07,1195,1112210,3.56e+10,.0006991,.001162,.0115646,-.0527193,4.99e+07,1496,1287406,6.42e+10,.0007768,.0003829,.005371,.0425286,2.47e+07,463,1209075,9.13e+10,.0002703,-577,280495,.0001746,-.0020571,-.000486
"Ship and boat building and repairing",.0009581,.0027592,.1541589,5849139,700,730600,6.64e+09,.000881,.0012277,.0038691,.1300324,1.80e+07,1140,928580,1.50e+10,.0011997,.0006671,.0027319,.1385,1.98e+07,742,1112210,3.56e+10,.0005554,.0006059,.0043103,.106918,2.92e+07,780,1287406,6.42e+10,.0004547,.0003788,.0025953,.2510997,2.62e+07,458,1209075,9.13e+10,.0002868,-682,280495,.0001071,-.0024314,-.0009129
"Other primary metal industries",.0016425,.0060821,.1331179,9483254,1200,730600,6.64e+09,.0014283,.0021754,.0084237,.190102,3.27e+07,2020,928580,1.50e+10,.0021752,.0011275,.0082313,.2210496,3.50e+07,1254,1112210,3.56e+10,.0009834,.0003262,.0061356,.2105628,1.68e+07,420,1287406,6.42e+10,.000262,.0003788,.0079484,.2153244,2.68e+07,458,1209075,9.13e+10,.0002932,-1562,280495,-.0000774,-.0055687,-.0018821
"Electrical repair shops",.0009581,.0055644,-.0718111,5092723,700,730600,6.64e+09,.000767,.0006677,.0047803,-.1462807,8233451,620,928580,1.50e+10,.0005484,.0002913,.0037897,-.1185157,7460092,324,1112210,3.56e+10,.0002094,.0007573,.005692,-.0282652,3.53e+07,975,1287406,6.42e+10,.0005502,.0003771,.0037823,-.1190379,2.15e+07,456,1209075,9.13e+10,.0002353,-164,280495,.0001736,-.0005847,-.0003131
"Miscellaneous fabricated textile products",.0012319,.0080357,.0121031,4638215,900.0001,730600,6.64e+09,.0006986,.0009908,.0071064,-.0256498,8994275,920,928580,1.50e+10,.0005991,.0006285,.0057437,-.0283578,1.20e+07,699,1112210,3.56e+10,.0003364,.0007061,.0049964,-.0214779,2.43e+07,909,1287406,6.42e+10,.0003781,.0003738,.0057492,-.0190108,1.83e+07,452,1209075,9.13e+10,.000201,-468,280495,.0001226,-.0016685,-.0003981
"Miscellaneous petroleum and coal products",.0006844,.0259067,.1374959,4511917,500,730600,6.64e+09,.0006796,.0003662,.0110677,.2127622,5976383,340,928580,1.50e+10,.0003981,.0001807,.0083743,.2442322,6310586,201,1112210,3.56e+10,.0001771,.000334,.0131975,.2129835,1.88e+07,430,1287406,6.42e+10,.0002927,.0003639,.0157525,.2025793,3.07e+07,440,1209075,9.13e+10,.0003359,100,280495,.0003237,.0003565,-.0000621
"Tobacco manufactures",.0004106,.0044379,.1025884,1855074,300,730600,6.64e+09,.0002794,.0006031,.0081895,.2074553,8588781,560,928580,1.50e+10,.0005721,.0003507,.0078643,.4324535,1.44e+07,390,1112210,3.56e+10,.0004044,.0004715,.0168042,.3684122,3.42e+07,607,1287406,6.42e+10,.0005336,.0003598,.0214243,.2691653,3.57e+07,435,1209075,9.13e+10,.0003916,-125,280495,.0003561,-.0004456,-.0001805
"Iron and steel foundries",.0026006,.0059043,.1630604,1.53e+07,1900,730600,6.64e+09,.0023101,.0006461,.0029668,.1651117,9435277,600,928580,1.50e+10,.0006284,.0005907,.0064541,.1914564,1.75e+07,657,1112210,3.56e+10,.0004926,.0007037,.0051094,.1466455,3.26e+07,906,1287406,6.42e+10,.0005076,.0003408,.0042915,.135172,2.15e+07,412,1209075,9.13e+10,.0002358,-188,280495,.0001585,-.0006702,-.0003926
"Liquor stores",.0013687,.0111235,-.1054603,7365907,1000,730600,6.64e+09,.0011094,.0011846,.0084304,-.2532403,1.24e+07,1100,928580,1.50e+10,.000827,.0007049,.0058623,-.2286526,1.50e+07,784,1112210,3.56e+10,.000422,.0004963,.0067642,-.229106,1.87e+07,639,1287406,6.42e+10,.000291,.0003226,.0026007,-.2497653,1.38e+07,390,1209075,9.13e+10,.0001513,-710,280495,.0000183,-.0025312,-.0006757
"Metal mining",.0004106,.0035377,.0925819,2453544,300,730600,6.64e+09,.0003695,.0009261,.0070805,.2934179,1.63e+07,860,928580,1.50e+10,.0010877,.0003893,.0066483,.2775707,1.42e+07,433,1112210,3.56e+10,.0003986,.0001142,.0071697,.274514,6972174,147,1287406,6.42e+10,.0001086,.0003201,.0081175,.524727,3.20e+07,387,1209075,9.13e+10,.0003507,-473,280495,.0002055,-.0016863,-.0007371
"Libraries",.0002737,.0020284,-.2330294,893975.6,200,730600,6.64e+09,.0001346,.0001723,.0010852,-.3142648,1400679,160,928580,1.50e+10,.0000933,.0000917,.0005361,-.4340758,1538592,102,1112210,3.56e+10,.0000432,.0001134,.000643,-.4174892,3497469,146,1287406,6.42e+10,.0000545,.0003193,.0019206,-.4070185,1.35e+07,386,1209075,9.13e+10,.0001481,226,280495,.0001589,.0008057,.0000548
"Machinery, n.s.",.0005475,.0113314,.2585569,3999207,400,730600,6.64e+09,.0006023,.0003877,.0098253,.1440521,5925493,360,928580,1.50e+10,.0003947,.0003938,.008829,.1710437,1.27e+07,438,1112210,3.56e+10,.0003577,.0018331,.0135455,.2218916,1.13e+08,2360,1287406,6.42e+10,.0017562,.0003085,.0048898,.1841622,2.24e+07,373,1209075,9.13e+10,.0002456,13,280495,.0002163,.0000463,-.0001491
"Labor unions",,,,,,,,,,,,,,,,,.0003983,.0050788,.3372458,1.49e+07,443,1112210,3.56e+10,.0004187,.0004785,.0077022,.3718295,3.13e+07,616,1287406,6.42e+10,.0004878,.0003011,.0053204,.3827068,2.60e+07,364,1209075,9.13e+10,.0002851,,,,,
"Coal mining",.0004106,.0021786,.1442119,2362506,300,730600,6.64e+09,.0003558,.0021538,.0074543,.3967251,4.04e+07,2000,928580,1.50e+10,.0026879,.0006267,.0044647,.3342022,2.38e+07,697,1112210,3.56e+10,.0006669,.0001919,.0032949,.3146424,1.17e+07,247,1287406,6.42e+10,.0001829,.0002911,.0041247,.5903624,2.62e+07,352,1209075,9.13e+10,.0002867,-1648,280495,-.0001861,-.0058753,-.0024012
"Retail bakeries",.0008212,.0047431,-.1816184,3003795,600,730600,6.64e+09,.0004524,.0005385,.003888,-.2449022,4476886,500,928580,1.50e+10,.0002982,.0003039,.0017194,-.1874374,5234506,338,1112210,3.56e+10,.0001469,.0004544,.0043542,-.132992,1.50e+07,585,1287406,6.42e+10,.0002345,.0002878,.0021013,-.1980539,9822092,348,1209075,9.13e+10,.0001076,-152,280495,.0000701,-.0005419,-.0001906
"Water supply and irrigation",.0004106,.0026132,.0114428,2185819,300,730600,6.64e+09,.0003292,.0004092,.0024054,-.0231637,5270468,380,928580,1.50e+10,.000351,.0001834,.0011273,.0704296,5138043,204,1112210,3.56e+10,.0001442,.0006113,.0038161,.0827477,2.96e+07,787,1287406,6.42e+10,.0004617,.0002812,.0015503,.1731997,1.88e+07,340,1209075,9.13e+10,.0002063,-40,280495,.0001778,-.0001426,-.0001448
"Army",,,,,,,,,,,,,,,,,.0002302,.0005028,-.0660916,4598288,256,1112210,3.56e+10,.0001291,.0002517,.000979,.0546803,9037501,324,1287406,6.42e+10,.0001408,.0002804,.0009491,.3382535,1.57e+07,339,1209075,9.13e+10,.000172,,,,,
"Engines and turbines",.0005475,.0045249,.2493137,3522625,400,730600,6.64e+09,.0005306,.0005169,.0035227,.3146697,9097735,480,928580,1.50e+10,.000606,.0003812,.0052165,.3131712,1.43e+07,424,1112210,3.56e+10,.0004013,.0007061,.0095062,.2583222,4.19e+07,909,1287406,6.42e+10,.0006526,.0002804,.004226,.2435961,2.29e+07,339,1209075,9.13e+10,.0002512,-141,280495,.0001814,-.0005027,-.0003547
"Beauty shops",.001095,.0016846,-.1029641,2960025,800,730600,6.64e+09,.0004458,.0012708,.0022176,-.2590505,8715484,1180,928580,1.50e+10,.0005805,.0006006,.0009725,-.2465937,8462012,668,1112210,3.56e+10,.0002375,.0004707,.0008106,-.2322518,1.17e+07,606,1287406,6.42e+10,.0001829,.0002796,.0003575,-.2267022,8412905,338,1209075,9.13e+10,.0000922,-842,280495,-3.97e-06,-.0030018,-.0004883
"Nonmetallic mining and quarrying, except fuels ",.0008212,.0059055,.1018095,4680561,600,730600,6.64e+09,.000705,.0010985,.0089099,.1714383,1.66e+07,1020,928580,1.50e+10,.0011077,.0008011,.0081355,.1908455,2.53e+07,891,1112210,3.56e+10,.0007091,.0004956,.0054507,.2345091,2.60e+07,638,1287406,6.42e+10,.0004046,.0002721,.003566,.2547387,1.82e+07,329,1209075,9.13e+10,.0001994,-691,280495,.0000206,-.0024635,-.0009082
"Retail florists",.0004106,.0035129,-.4020256,1334245,300,730600,6.64e+09,.000201,.0003877,.0028694,-.4121823,2687775,360,928580,1.50e+10,.000179,.0003174,.0020591,-.3842935,4738459,353,1112210,3.56e+10,.000133,.0002649,.0021673,-.3403956,7094594,341,1287406,6.42e+10,.0001105,.0002688,.0040082,-.4556087,9220385,325,1209075,9.13e+10,.000101,-34.99997,280495,.0000857,-.0001248,-.000078
"Private households",.0006844,.00054,-.9630092,835365.6,500,730600,6.64e+09,.0001258,.0003877,.0006524,-.8672829,1428097,360,928580,1.50e+10,.0000951,.0004271,.0008775,-.6300524,3787756,475,1112210,3.56e+10,.0001063,.0004995,.0012472,-.6068888,8441907,643,1287406,6.42e+10,.0001315,.0002647,.0004302,-.7052816,5524439,320,1209075,9.13e+10,.0000605,-40,280495,.0000537,-.0001426,-.0000346
"Metal forgings and stampings",.0019162,.0103093,.2556312,1.17e+07,1400,730600,6.64e+09,.0017553,.0012061,.0062823,.2199304,1.85e+07,1120,928580,1.50e+10,.0012299,.0008542,.0066288,.2282233,2.69e+07,950,1112210,3.56e+10,.0007564,.0009041,.0096847,.186402,4.55e+07,1164,1287406,6.42e+10,.0007086,.0002448,.0052018,.0992742,1.39e+07,296,1209075,9.13e+10,.0001527,-824,280495,-.0000593,-.0029377,-.0010771
"Bakery products",.0008212,.0039735,.1008454,4087391,600,730600,6.64e+09,.0006156,.0007108,.0036296,.094586,9014066,660,928580,1.50e+10,.0006004,.0005799,.0039152,.1424858,1.49e+07,645.0001,1112210,3.56e+10,.0004169,.0005896,.0050846,.054023,2.41e+07,759,1287406,6.42e+10,.0003759,.0002374,.0012883,-.0305045,1.06e+07,287,1209075,9.13e+10,.000116,-373,280495,.0000206,-.0013298,-.0004844
"Taxicab service",.0005475,.0037037,-.3751173,2039796,400,730600,6.64e+09,.0003072,.0004954,.0046278,-.51814,4330449,460,928580,1.50e+10,.0002884,.0001609,.0017602,-.524262,2863327,179,1112210,3.56e+10,.0000804,.0002509,.0018589,-.4269314,8030312,323,1287406,6.42e+10,.0001251,.0002349,.0009364,-.5333711,8539044,284,1209075,9.13e+10,.0000936,-176,280495,.0000552,-.0006275,-.0001949
"Farm-product raw materials",.001095,.0107239,-.0662161,6027775,800,730600,6.64e+09,.0009079,.0013569,.0138767,.0043104,1.84e+07,1260,928580,1.50e+10,.0012256,.0008488,.0155925,-.0218886,2.43e+07,944,1112210,3.56e+10,.0006824,.0002493,.0080124,-.0931813,1.12e+07,321,1287406,6.42e+10,.0001745,.0002349,.0049409,.0610911,1.47e+07,284,1209075,9.13e+10,.0001612,-976,280495,-.0000483,-.0034796,-.0010644
"Other rubber products, and plastics footwear and belting",.0012319,.0032562,.1944649,7020261,900,730600,6.64e+09,.0010574,.0009046,.0058848,.1983344,1.37e+07,840,928580,1.50e+10,.0009155,.0005799,.004829,.1494047,1.52e+07,645,1112210,3.56e+10,.0004253,.0004956,.0061466,.116909,2.16e+07,638,1287406,6.42e+10,.0003371,.000215,.0034791,.1336617,1.24e+07,260,1209075,9.13e+10,.0001358,-580,280495,-.0000177,-.0020678,-.0007797
"Structural clay products",.0002737,.0035714,.013189,1324911,200,730600,6.64e+09,.0001996,.00028,.0046181,.0554673,3473927,260,928580,1.50e+10,.0002314,.0002203,.005728,.082529,5811928,245,1112210,3.56e+10,.0001631,.0002991,.0093852,.1055276,1.39e+07,385,1287406,6.42e+10,.0002158,.0002142,.0104431,.0128534,1.33e+07,259,1209075,9.13e+10,.0001452,-1,280495,.0001282,-3.57e-06,-.0000862
"Museums, art galleries, and zoos",.0002737,.0078431,-.2146772,1244784,200,730600,6.64e+09,.0001875,.0003446,.0057929,-.2322862,3711334,320,928580,1.50e+10,.0002472,.0004594,.0054306,-.23995,1.07e+07,511,1112210,3.56e+10,.0002998,.0003045,.0025372,-.2313195,1.20e+07,392,1287406,6.42e+10,.000187,.0001968,.0006802,-.282748,8598860,238,1209075,9.13e+10,.0000942,-82,280495,.0000641,-.0002923,-.000153
"Railroad locomotives and equipment",.0002737,.0037313,.1452782,1663974,200,730600,6.64e+09,.0002506,.00028,.0038134,.2607773,4599201,260,928580,1.50e+10,.0003063,.0003066,.0132819,.2009333,1.06e+07,341,1112210,3.56e+10,.0002962,.0001429,.0049565,.1768013,7403223,184,1287406,6.42e+10,.0001153,.0001853,.0067102,.2560223,1.25e+07,224,1209075,9.13e+10,.0001375,-36,280495,.0001043,-.0001283,-.0001688
"Direct selling establishments",.001095,.0047253,-.7543538,2839882,800.0001,730600,6.64e+09,.0004277,.0009046,.0048237,-.80516,5687985,840,928580,1.50e+10,.0003788,.0005242,.0032582,-.5621714,7791964,583,1112210,3.56e+10,.0002187,.0005173,.0036777,-.4543982,1.47e+07,666,1287406,6.42e+10,.000229,.000182,.0015409,-.6227156,7108591,220,1209075,9.13e+10,.0000779,-620,280495,.0000186,-.0022104,-.000301
"Household appliances",.0009581,.0036176,.1538178,5133514,700,730600,6.64e+09,.0007732,.0009908,.0049995,.1480458,1.26e+07,920,928580,1.50e+10,.0008399,.000428,.0037238,.155365,1.14e+07,476,1112210,3.56e+10,.000319,.0005453,.0061913,.1549799,2.47e+07,702,1287406,6.42e+10,.0003846,.000177,.0029053,.1359002,1.11e+07,214,1209075,9.13e+10,.0001217,-706,280495,-.0000198,-.002517,-.0007182
"Paperboard containers and boxes",.0024637,.0096051,.1493793,1.29e+07,1800,730600,6.64e+09,.0019471,.0018308,.0090214,.160517,2.58e+07,1700,928580,1.50e+10,.0017164,.0011455,.0084422,.2202553,3.39e+07,1274,1112210,3.56e+10,.000951,.0011449,.0094331,.1777575,5.73e+07,1474,1287406,6.42e+10,.0008923,.0001505,.0019257,.1490842,8962366,182,1209075,9.13e+10,.0000982,-1518,280495,-.0002204,-.0054119,-.0016182
"Cutlery, handtools, and general hardware",.0013687,.0084746,.2010994,7485975,1000,730600,6.64e+09,.0011275,.0009261,.0057295,.1335312,1.18e+07,860,928580,1.50e+10,.0007868,.0008982,.0084369,.1620072,2.50e+07,999.0001,1112210,3.56e+10,.0007027,.0005981,.0111386,.1286881,2.89e+07,770,1287406,6.42e+10,.0004508,.0001464,.0042904,.1119382,8711907,177,1209075,9.13e+10,.0000954,-683,280495,-.0000407,-.002435,-.0006913
"Job training and vocational rehabilitation services",,,,,,,,,.0000862,.0009913,-.3920443,662961.9,80,928580,1.50e+10,.0000442,.0001708,.0015975,-.2290989,3081146,190,1112210,3.56e+10,.0000865,.0002478,.0013363,-.2045961,7862436,319,1287406,6.42e+10,.0001225,.0001257,.0007843,-.3063355,4280718,152,1209075,9.13e+10,.0000469,72,280495,.0000474,.0002567,2.74e-06
"Music stores",,,,,,,,,,,,,,,,,.0005467,.0061018,-.2716697,9807298,608,1112210,3.56e+10,.0002753,.000515,.0053839,-.2330483,1.64e+07,663,1287406,6.42e+10,.0002559,.0001174,.0035897,-.3657631,4972570,142,1209075,9.13e+10,.0000545,,,,,
"Sewing, needlework, and piece goods stores",,,,,,,,,.0002369,.0037957,-.5216193,1505646,220,928580,1.50e+10,.0001003,.0001843,.0037624,-.6071922,2440859,205,1112210,3.56e+10,.0000685,.0001468,.0039169,-.4730387,4171444,189,1287406,6.42e+10,.000065,.000115,.0030486,-.4933326,4129911,139,1209075,9.13e+10,.0000452,-81,280495,.0000344,-.0002888,-.000055
"Agricultural chemicals",.0005475,.0095238,.0112084,3188286,400,730600,6.64e+09,.0004802,.00056,.0077037,.1582851,9038782,520,928580,1.50e+10,.000602,.0004154,.0108514,.2099994,1.48e+07,462,1112210,3.56e+10,.0004166,.000334,.0134241,.1934932,2.03e+07,430,1287406,6.42e+10,.0003166,.0001141,.0039468,.2693762,9248107,138,1209075,9.13e+10,.0001013,-382,280495,2.74e-06,-.0013619,-.0005007
"Tires and inner tubes",,,,,,,,,.0002585,.0049241,.2127727,4067307,240,928580,1.50e+10,.0002709,.000223,.0026275,.3085365,8051139,248,1112210,3.56e+10,.000226,.0002493,.0032255,.2454274,1.38e+07,321,1287406,6.42e+10,.0002149,.0001125,.0018427,.2449437,7852582,136,1209075,9.13e+10,.000086,-104,280495,.0000496,-.0003708,-.0001849
"Cycles and miscellaneous transportation equipment",.0002737,.0093897,.0840756,1311502,200,730600,6.64e+09,.0001975,.0003231,.0052319,.1483945,4323489,300,928580,1.50e+10,.000288,.0001915,.0036323,.1202195,4968506,213,1112210,3.56e+10,.0001395,.0001981,.0075931,.1832724,1.00e+07,255,1287406,6.42e+10,.0001565,.0001075,.0030088,.1103299,7024085,130,1209075,9.13e+10,.000077,-170,280495,.0000354,-.0006061,-.000211
"Vending machine operators",.0004106,.0063425,-.0010762,2036607,300,730600,6.64e+09,.0003067,.0005815,.0072816,-.1129363,6286257,540,928580,1.50e+10,.0004187,.0003219,.0050392,-.0962856,7243330,358,1112210,3.56e+10,.0002033,.000108,.0025215,-.1292893,4082760,139,1287406,6.42e+10,.0000636,.0001067,.0032681,-.1699329,5247164,129,1209075,9.13e+10,.0000575,-411,280495,-.0000136,-.0014653,-.0003612
"Carpets and rugs",.0001369,.0018832,.0571738,564802.3,100,730600,6.64e+09,.0000851,.0004738,.0065263,.118519,5342013,440,928580,1.50e+10,.0003558,.0003399,.0055017,.1227104,7653715,378,1112210,3.56e+10,.0002148,.0004226,.0075468,.1363606,1.63e+07,544,1287406,6.42e+10,.0002542,.0000992,.0023065,.0805173,4546927,120,1209075,9.13e+10,.0000498,-320,280495,-.0000104,-.0011408,-.000306
"Air Force",,,,,,,,,,,,,,,,,.0001214,.0003303,-.0382757,2813975,135,1112210,3.56e+10,.000079,.0002035,.0009568,.0354775,7950934,262,1287406,6.42e+10,.0001239,.0000951,.0005551,.3921436,5753633,115,1209075,9.13e+10,.000063,,,,,
"Utilities, n.s. ",0,0,.064548,0,0,730600,6.64e+09,0,.0002369,.0069052,.1968485,3783769,220,928580,1.50e+10,.000252,.0003587,.0039228,.3436797,1.33e+07,399,1112210,3.56e+10,.0003744,.000282,.0080579,.2406768,1.70e+07,363,1287406,6.42e+10,.0002641,.0000943,.0048393,.2736133,7434009,114,1209075,9.13e+10,.0000814,-106,280495,.0000479,-.0003779,-.0001706
"Logging",.0009581,.0059072,-.2494607,4088945,700,730600,6.64e+09,.0006159,.0013569,.0091703,-.168069,1.61e+07,1260,928580,1.50e+10,.0010756,.0009971,.0079938,-.132373,2.44e+07,1109,1112210,3.56e+10,.0006835,.0003192,.0035431,-.1055725,1.26e+07,411,1287406,6.42e+10,.0001967,.000086,.001193,-.0661172,4240059,104,1209075,9.13e+10,.0000465,-1156,280495,-.0001562,-.0041213,-.0010292
"Metal industries, n.s.",.0016425,.0176991,.135838,1.03e+07,1200,730600,6.64e+09,.0015481,.0006677,.0194601,.0503042,9277891,620,928580,1.50e+10,.0006179,.0005494,.0146431,.1503752,1.73e+07,611,1112210,3.56e+10,.0004843,.0002074,.0096303,.0329585,9022124,267,1287406,6.42e+10,.0001406,.0000744,.0086372,-.0146287,3195742,90,1209075,9.13e+10,.000035,-530,280495,-.0000798,-.0018895,-.0005829
"Footwear, except rubber and plastic",.0015056,.0056701,.0645532,5262707,1100,730600,6.64e+09,.0007926,.0007754,.0044983,-.0433331,6220495,720,928580,1.50e+10,.0004143,.0004046,.0055615,-.0142209,7560111,450,1112210,3.56e+10,.0002122,.0002245,.0077262,.0237838,8834344,289,1287406,6.42e+10,.0001376,.0000579,.002921,.1437054,3527618,70,1209075,9.13e+10,.0000386,-650,280495,-.0000353,-.0023173,-.0003757
"Leather products, except footwear",.0008212,.0112782,.030527,3338064,600,730600,6.64e+09,.0005028,.0004523,.0072066,-.0657846,4088334,420,928580,1.50e+10,.0002723,.0001789,.0054226,.0044965,3545936,199,1112210,3.56e+10,.0000995,.0002524,.008084,-.0189068,9325697,325,1287406,6.42e+10,.0001453,.0000538,.0030501,-.0500904,2163109,65,1209075,9.13e+10,.0000237,-355,280495,-.0000252,-.0012656,-.0002486
"Lodging places, except hotels and motels",.0002737,.0024301,-.5984584,745322,200,730600,6.64e+09,.0001123,.0005385,.0028858,-.9544365,2614102,500,928580,1.50e+10,.0001741,.0004037,.00579,-.3521347,7489860,449,1112210,3.56e+10,.0002102,.0000684,.0016607,-.3871673,2088049,88,1287406,6.42e+10,.0000325,.0000538,.0007361,-.5172884,1740029,65,1209075,9.13e+10,.0000191,-435,280495,-.0000115,-.0015508,-.000155
"Navy",,,,,,,,,,,,,,,,,.0003138,.0007388,.0025627,6443395,349,1112210,3.56e+10,.0001809,.0002625,.0012576,.0876264,9815135,338,1287406,6.42e+10,.0001529,.000038,.0001913,.4507352,2040156,46,1209075,9.13e+10,.0000224,,,,,
"Ordnance",.00219,.005997,.2757594,1.57e+07,1600,730600,6.64e+09,.002359,.0002154,.0024355,.1750388,3179043,200,928580,1.50e+10,.0002117,.000455,.0065255,.2260739,1.55e+07,506,1112210,3.56e+10,.0004355,.0000722,.0031207,.1517908,3764296,93,1287406,6.42e+10,.0000586,.0000306,.0009381,.1658268,1740378,37,1209075,9.13e+10,.0000191,-163,280495,-.0000189,-.0005811,-.0001927
"Military Reserves or National Guard ",,,,,,,,,,,,,,,,,.0000495,.0012956,-.0896332,1193533,55,1112210,3.56e+10,.0000335,.0000272,.0008979,.0489032,1249722,35,1287406,6.42e+10,.0000195,.0000248,.0029656,.214911,1182757,30,1209075,9.13e+10,.000013,,,,,
"Wood buildings and mobile homes",,,,,,,,,.0004738,.0081815,.0278031,5879903,440,928580,1.50e+10,.0003916,.0003354,.0084852,.0663377,7748672,373,1112210,3.56e+10,.0002175,.0005686,.0089299,.1090401,2.40e+07,732,1287406,6.42e+10,.0003738,0,0,.0271551,0,0,1209075,9.13e+10,0,-440,280495,-.0000771,-.0015687,-.0003916
"Dyeing and finishing textiles, except wool and knit goods",.0004106,.0063966,.0137645,1893102,300,730600,6.64e+09,.0002851,.0002369,.0037633,.0133345,2470286,220,928580,1.50e+10,.0001645,.0001205,.0041451,.0543979,2674461,134,1112210,3.56e+10,.0000751,.0005406,.0096616,.0866588,2.30e+07,696,1287406,6.42e+10,.0003582,0,0,.028748,0,0,1209075,9.13e+10,0,-220,280495,-.0000324,-.0007843,-.0001645
"Barber shops",.0008212,.0039396,-.1878599,3793729,600,730600,6.64e+09,.0005714,.0004092,.0043618,-.3039778,4370960,380,928580,1.50e+10,.0002911,.0000656,.0011008,-.3421494,1312853,73,1112210,3.56e+10,.0000369,.0000163,.0002745,-.3827348,484336.2,21,1287406,6.42e+10,7.55e-06,0,0,-.4809882,0,0,1209075,9.13e+10,0,-380,280495,-.0000573,-.0013547,-.0002911
"Knitting mills",.0009581,.003792,.1144947,3244989,700,730600,6.64e+09,.0004887,.0006246,.0033902,.0048461,5272965,580,928580,1.50e+10,.0003512,.0004388,.0035719,.073068,8195657,488,1112210,3.56e+10,.0002301,.000334,.0058241,-.028544,1.06e+07,430,1287406,6.42e+10,.0001658,0,0,-.1461375,0,0,1209075,9.13e+10,0,-580,280495,-.0000691,-.0020678,-.0003512
"Fishing, hunting, and trapping ",.0002737,.0057471,-.2488713,1269598,200,730600,6.64e+09,.0001912,.0014646,.0216423,-.1467594,1.91e+07,1360,928580,1.50e+10,.0012701,.0008299,.0125103,-.147069,2.20e+07,923,1112210,3.56e+10,.0006165,.0001794,.0042798,-.1986348,7686682,231,1287406,6.42e+10,.0001198,0,0,-.1771129,0,0,1209075,9.13e+10,0,-1360,280495,-.0002501,-.0048486,-.0012701
"Forestry",.0001369,.0019531,-.1448471,699658.2,100,730600,6.64e+09,.0001054,.0003662,.0041626,-.1018265,4607854,340,928580,1.50e+10,.0003069,.0003623,.0045726,-.1052287,1.00e+07,403,1112210,3.56e+10,.0002813,.0000544,.0019209,-.0359924,2685302,70,1287406,6.42e+10,.0000418,0,0,-.0160601,0,0,1209075,9.13e+10,0,-340,280495,-.0000604,-.0012121,-.0003069
"Armed Forces, branch not specified",,,,,,,,,,,,,,,,,.0000414,.0009044,-.0467253,830330.3,46,1112210,3.56e+10,.0000233,.0001212,.0021148,.0950095,4593692,156,1287406,6.42e+10,.0000716,0,0,.2946214,0,0,1209075,9.13e+10,0,,,,,
"Household appliance stores",,,,,,,,,,,,,,,,,.0004541,.0050272,-.0708352,1.08e+07,505,1112210,3.56e+10,.000304,.0002408,.0038283,-.0655671,9520049,310,1287406,6.42e+10,.0001483,0,0,-.0693582,0,0,1209075,9.13e+10,0,,,,,
"Food industries, n.s.",.0012319,.0154905,.1983525,8301842,900,730600,6.64e+09,.0012504,.0007754,.0150817,.0912249,1.07e+07,720,928580,1.50e+10,.0007103,.001301,.0150921,.1423121,4.05e+07,1447,1112210,3.56e+10,.0011372,.0009476,.0157249,.1453635,5.02e+07,1220,1287406,6.42e+10,.0007815,0,0,-.0627392,0,0,1209075,9.13e+10,0,-720,280495,-.0001399,-.0025669,-.0007103
"Coast Guard",,,,,,,,,,,,,,,,,6.29e-06,.0002138,-.0197238,142967.3,7,1112210,3.56e+10,4.01e-06,0,0,.0887172,0,0,1287406,6.42e+10,0,0,0,.2290462,0,0,1209075,9.13e+10,0,,,,,
"Bowling centers",.0008212,.0095087,-.2832894,3222647,600,730600,6.64e+09,.0004854,.0003231,.00443,-.4065264,2504661,300,928580,1.50e+10,.0001668,.0001196,.0024735,-.4252368,1811637,133,1112210,3.56e+10,.0000509,.0001802,.0047535,-.3273591,4653013,232,1287406,6.42e+10,.0000725,0,0,-.2864067,0,0,1209075,9.13e+10,0,-300,280495,-.0000328,-.0010695,-.0001668
"Pottery and related products",.0001369,.0025707,.1078484,649125.9,100,730600,6.64e+09,.0000978,.0001938,.0043436,-.0151186,2128662,180,928580,1.50e+10,.0001418,.0000998,.0026468,.008542,2368220,111,1112210,3.56e+10,.0000665,.0001864,.0054273,-.126904,7123909,240,1287406,6.42e+10,.000111,0,0,-.1496464,0,0,1209075,9.13e+10,0,-180,280495,-.0000279,-.0006417,-.0001418
"Automobile parking and carwashes",.0017794,.0118505,-.1150595,8250201,1300,730600,6.64e+09,.0012426,.0016369,.0079249,-.0897596,1.78e+07,1520,928580,1.50e+10,.0011878,.0005467,.0048757,-.3313779,9036192,608,1112210,3.56e+10,.0002537,.0003363,.0035752,-.3114531,8858438,433,1287406,6.42e+10,.000138,0,0,-.3449346,0,0,1209075,9.13e+10,0,-1520,280495,-.0002339,-.005419,-.0011878
"Marines",,,,,,,,,,,,,,,,,.0000638,.000411,.0160086,1181451,71,1112210,3.56e+10,.0000332,.0000878,.000846,.0875289,2563364,113,1287406,6.42e+10,.0000399,0,0,.4805557,0,0,1209075,9.13e+10,0,,,,,
"Mobile home dealers",,,,,,,,,.0004954,.0156144,-.0132841,6964331,460,928580,1.50e+10,.0004639,.0002401,.0107848,-.0586042,6329250,267,1112210,3.56e+10,.0001777,,,,,,,,,,,,,,,,,,,,,
"Shoe repair shops",0,0,-.3418034,0,0,730600,6.64e+09,0,.0001077,.0067843,-.3760568,1020733,100,928580,1.50e+10,.000068,.0000512,.0035025,-.3946647,957967.9,57,1112210,3.56e+10,.0000269,6.21e-06,.0008863,-.3635395,203097.4,8,1287406,6.42e+10,3.16e-06,,,,,,,,,,,,,
"Dressmaking shops",.0001369,.0044248,-.6733863,284181.4,100,730600,6.64e+09,.0000428,.0000215,.0009488,-.7270575,112206.3,20,928580,1.50e+10,7.47e-06,.000036,.0013199,-.8029324,387547.7,40,1112210,3.56e+10,.0000109,,,,,,,,,,,,,,,,,,,,,
"Offices and clinics of health practitioners, n.e.c.",.0039693,.0751295,.0189873,3.46e+07,2900,730600,6.64e+09,.0052045,.0017231,.0323232,-.1401713,2.30e+07,1600,928580,1.50e+10,.0015345,.0029176,.0359258,-.0450063,1.12e+08,3245,1112210,3.56e+10,.0031502,,,,,,,,,,,,,,,,,,,,,
"Watches, clocks, and clockwork operated devices",.0001369,.0036101,.1807122,611263.6,100,730600,6.64e+09,.0000921,.0001292,.0045489,.0772151,1496875,120,928580,1.50e+10,.0000997,.0000782,.0071306,.1221092,1944474,87,1112210,3.56e+10,.0000546,,,,,,,,,,,,,,,,,,,,,
"Photographic equipment and supplies",.0009581,.0071795,.3705208,6967800,700,730600,6.64e+09,.0010495,.0012277,.0083066,.3614259,2.34e+07,1140,928580,1.50e+10,.001557,.0006878,.0073534,.3836504,2.81e+07,765,1112210,3.56e+10,.0007883,,,,,,,,,,,,,,,,,,,,,
"Pipe lines, except natural gas",0,0,.121319,0,0,730600,6.64e+09,0,.00028,.0127202,.3412582,5480172,260,928580,1.50e+10,.000365,.0001376,.0124908,.2954951,5656801,153,1112210,3.56e+10,.0001588,,,,,,,,,,,,,,,,,,,,,
"N/A (not applicable) ",.0372297,.0044556,-.1905116,1.43e+08,27200,730600,6.64e+09,.0214656,.0015723,.0009051,-.1850327,1.47e+07,1460,928580,1.50e+10,.0009767,,,,,,,,,,,,,,,,,,,,,,,,,,,,,
"Variety stores",.0013687,.005005,-.1453916,4273298,999.9999,730600,6.64e+09,.0006436,.0005169,.0034697,-.2216346,3776973,480,928580,1.50e+10,.0002516,.0001996,.0026182,-.30101,2877056,222,1112210,3.56e+10,.0000808,,,,,,,,,,,,,,,,,,,,,
"Executive and legislative offices",,,,,,,,,.0008185,.007892,.0703295,1.14e+07,760,928580,1.50e+10,.0007568,.0005098,.0053488,.1134018,1.56e+07,567,1112210,3.56e+10,.0004371,,,,,,,,,,,,,,,,,,,,,
"Electrical machinery, equipment, and supplies, n.s.",.0024637,.0096931,.2106536,1.56e+07,1800,730600,6.64e+09,.0023571,.00168,.0097818,.1164677,2.26e+07,1560,928580,1.50e+10,.0015041,.0034939,.0116943,.214126,1.18e+08,3886,1112210,3.56e+10,.00331,,,,,,,,,,,,,,,,,,,,,
"Office and accounting machines",.0020531,.0115473,.2826558,1.39e+07,1500,730600,6.64e+09,.0020996,.0008185,.0076597,.1901165,1.23e+07,760,928580,1.50e+10,.0008189,.000472,.0109766,.2836387,1.76e+07,525,1112210,3.56e+10,.0004953,,,,,,,,,,,,,,,,,,,,,
"Agricultural services, n.e.c.",.0036956,.0215139,-.1913569,1.83e+07,2700,730600,6.64e+09,.0027611,.0035323,.0163249,-.1869301,3.93e+07,3280,928580,1.50e+10,.0026193,.0003776,.0054408,-.2206278,7244496,420,1112210,3.56e+10,.0002034,,,,,,,,,,,,,,,,,,,,,
"Screw machine products",.0016425,.0159574,.2556879,1.00e+07,1200,730600,6.64e+09,.0015095,.0009046,.0110323,.1935034,1.31e+07,839.9999,928580,1.50e+10,.0008734,.0003776,.0075584,.2186326,1.10e+07,420,1112210,3.56e+10,.0003098,,,,,,,,,,,,,,,,,,,,,
"Miscellaneous textile mill products",.0002737,.0037594,.0832332,1257369,200,730600,6.64e+09,.0001894,.0004523,.0071942,.056244,5274385,420,928580,1.50e+10,.0003513,.0002419,.006081,.1340969,6262022,269,1112210,3.56e+10,.0001758,,,,,,,,,,,,,,,,,,,,,
"Family child care homes",,,,,,,,,,,,,,,,,.0001286,.0003452,-.993386,961221.8,143,1112210,3.56e+10,.000027,,,,,,,,,,,,,,,,,,,,,
"Telegraph and miscellaneous communications services",.0002737,.0049383,.2886934,1646963,200,730600,6.64e+09,.0002481,.00084,.0096106,.1198289,1.18e+07,780,928580,1.50e+10,.0007851,.0005116,.0113641,.3979704,2.15e+07,569,1112210,3.56e+10,.0006032,,,,,,,,,,,,,,,,,,,,,
"Dairy products stores",.0001369,.002079,-.1391442,570374.3,100,730600,6.64e+09,.0000859,.0001508,.003493,-.3169831,1183666,140,928580,1.50e+10,.0000788,.0000225,.0007223,-.2419265,335848.1,25,1112210,3.56e+10,9.43e-06,,,,,,,,,,,,,,,,,,,,,
"Vocational schools",,,,,,,,,.0003446,.0056517,-.226239,3821186,320,928580,1.50e+10,.0002545,.0001609,.0038198,-.2131306,3905130,179,1112210,3.56e+10,.0001096,,,,,,,,,,,,,,,,,,,,,
"Leather tanning and finishing",.0001369,.0043103,.0281999,655280.2,100,730600,6.64e+09,.0000987,.0001508,.0077864,.0184242,1787380,140,928580,1.50e+10,.000119,.0000665,.0063006,.0779624,1645890,74,1112210,3.56e+10,.0000462,,,,,,,,,,,,,,,,,,,,,
"Miscellaneous wood products",.0008212,.0071685,-.1436931,3530645,600,730600,6.64e+09,.0005318,.00084,.0068433,-.1073051,9088952,780,928580,1.50e+10,.0006054,.0008721,.0072437,-.0941664,1.97e+07,970,1112210,3.56e+10,.0005531,,,,,,,,,,,,,,,,,,,,,
