occ1990,sh_top11970,top11970,earn_res1970,num_top11970,us_num_top11970,sh_top11980,top11980,earn_res1980,num_top11980,us_num_top11980,sh_top11990,top11990,earn_res1990,num_top11990,us_num_top11990,sh_top12000,top12000,earn_res2000,num_top12000,us_num_top12000,sh_top12015,top12015,earn_res2015,num_top12015,us_num_top12015,change,us_change,sh_change,xsh_top1
"Physicians",.1344101,.372817,.4963645,98200,730600,.1350449,.3152655,.558664,125400,928580,.1469498,.3030301,.6169297,163439,1112210,.1262717,.2438736,.6683248,162563,1287406,.1451945,.2167829,.761664,175551,1209075,50151.01,280495,.1787947,.0101496
"Managers and administrators, n.e.c.",.317821,.0507696,.2501985,232200,730600,.2624437,.0470451,.264861,243700,928580,.2246141,.045378,.3880346,249818,1112210,.1087272,.0321061,.3882839,139976,1287406,.12892,.0232297,.3776962,155874,1209075,-87826,280495,-.3131107,-.1335237
"Chief executives and public administrators",,,,,,.0002154,.0062461,.1084537,200,928580,.000196,.0125685,.1708623,218,1112210,.1447989,.1799373,.7717936,186415,1287406,.1200281,.1400298,.7383651,145123,1209075,144923,280495,.5166687,.1198127
"Lawyers ",.067205,.2044981,.3155794,49100,730600,.0646794,.1294899,.2260822,60060,928580,.0971273,.1539264,.3648272,108026,1112210,.0660522,.1031443,.373545,85036,1287406,.0772806,.093526,.4162155,93438,1209075,33378,280495,.1189968,.0126012
"Financial managers",.0186148,.0373319,.2972218,13600,730600,.0098861,.0236123,.3483458,9180,928580,.0201122,.0366546,.4694378,22369,1112210,.0317545,.0442552,.4626405,40881,1287406,.041851,.0449379,.5036976,50601,1209075,41421,280495,.1476711,.0319649
"Other financial specialists",,,,,,.0101661,.0242998,.2006288,9440,928580,.0160302,.0279979,.2688849,17829,1112210,.0278312,.0439336,.2916579,35830,1287406,.0417741,.0475476,.4039083,50508,1209075,41068,280495,.1464126,.031608
"Supervisors and proprietors of sales jobs",,,,,,.0356458,.0226028,.0950352,33100,928580,.0575188,.0197026,.1934491,63973,1112210,.0435325,.0157722,.1704469,56044,1287406,.0414722,.0123687,.1724044,50143,1209075,17043,280495,.0607604,.0058264
"Salespersons, n.e.c.",.0548864,.0210665,.0778612,40100,730600,.0483319,.0108447,-.1188652,44880,928580,.041315,.009561,-.066191,45951,1112210,.0361401,.0183102,.1481553,46527,1287406,.0363054,.0170989,.1927868,43896,1209075,-984,280495,-.0035081,-.0120264
"Managers and specialists in marketing, advertising, and public relations",.0288804,.04,.3255649,21100,730600,.0280213,.0335076,.3311504,26020,928580,.0214231,.0324123,.4170953,23827,1112210,.0360454,.0354096,.4135031,46405,1287406,.0282423,.0299597,.4202516,34147,1209075,8127,280495,.0289738,.000221
"Accountants and auditors",.0135505,.0148716,.1693917,9900,730600,.0162398,.0158377,.1805128,15080,928580,.0210167,.0154762,.2203932,23375,1112210,.0174087,.0129625,.1705103,22412,1287406,.0217431,.01408,.2057252,26289,1209075,11209,280495,.0399615,.0055032
"Financial services sales occupations",.0165617,.1387615,.4118137,12100,730600,.0159383,.119509,.358856,14800,928580,.0275101,.1098541,.4403014,30597,1112210,.0336498,.1186691,.4937034,43321,1287406,.0209334,.1113585,.554446,25310,1209075,10510,280495,.0374695,.004995
"Management analysts",,,,,,.0062246,.0544975,.2632493,5780,928580,.0135883,.0591852,.2387219,15113,1112210,.0206097,.051893,.3593806,26533,1287406,.0177036,.0288469,.3223893,21405,1209075,15625,280495,.0557051,.0114791
"Computer software developers",.0002737,.0011962,.2954948,200,730600,.0006031,.00181,.1969383,560,928580,.0018603,.003228,.2541033,2069,1112210,.0105631,.0101476,.3390046,13599,1287406,.0149809,.0113257,.3957565,18113,1209075,17553,280495,.0625787,.0143778
"Dentists",.0258691,.2451362,.4015037,18900,730600,.0254152,.2028537,.4635287,23600,928580,.023545,.1807633,.3613548,26187,1112210,.0162629,.1447635,.5448886,20937,1287406,.012431,.1082284,.5121608,15030,1209075,-8570,280495,-.0305531,-.0129842
"Real estate sales occupations",.0169724,.0509868,.1033805,12400,730600,.0253936,.0394103,.0652778,23580,928580,.0222044,.0344925,.1213772,24696,1112210,.01739,.0329409,.2200555,22388,1287406,.0116171,.0180893,.0771254,14046,1209075,-9533.999,280495,-.0339899,-.0137765
"Computer systems analysts and computer scientists",.0005475,.0044944,.3086432,400,730600,.0008185,.0038145,.3278854,760,928580,.0022756,.0054751,.3493791,2531,1112210,.0087634,.0068461,.2549362,11282,1287406,.0108265,.0055523,.240911,13090,1209075,12330,280495,.043958,.010008
"Managers of medicine and health occupations",.0039693,.035409,.312991,2900,730600,.0027138,.0241889,.2827028,2520,928580,.0033159,.0165722,.2813137,3688,1112210,.0052524,.0175056,.3301689,6762,1287406,.0106677,.0207268,.3774143,12898,1209075,10378,280495,.0369989,.0079538
"Managers of properties and real estate",.0017794,.0180807,-.1501054,1300,730600,.0052769,.0280706,-.0074039,4900,928580,.0121883,.0372829,.1843228,13556,1112210,.0077637,.0260208,.213112,9995,1287406,.0083767,.0194307,.2184274,10128,1209075,5228,280495,.0186385,.0030998
"Insurance sales occupations",.0188886,.0314781,.1957516,13800,730600,.0230029,.0396378,.2045712,21360,928580,.0227394,.0405485,.2695996,25291,1112210,.0111325,.0305102,.2741912,14332,1287406,.007433,.0177591,.184473,8987,1209075,-12373,280495,-.0441113,-.0155699
"Registered nurses",.0016425,.0014565,.2072021,1200,730600,.0017231,.0012833,.2369495,1600,928580,.0022676,.0013793,.2829158,2522,1112210,.0042924,.0025166,.2474017,5526,1287406,.0066133,.0025679,.3411816,7996,1209075,6396,280495,.0228025,.0048903
"Subject instructors (HS/college)",.0072543,.017219,-.1618839,5300,730600,.0046738,.0082695,-.1911433,4340,928580,.0047419,.0077922,-.3365451,5274,1112210,.0048112,.0057804,-.3051316,6194,1287406,.0062238,.0056216,-.3469401,7525,1209075,3185,280495,.0113549,.00155
"Human resources and labor relations managers",,,,,,.0037907,.0167763,.3185091,3520,928580,.0033114,.0139172,.3660395,3683,1112210,.0052431,.0158395,.3728577,6750,1287406,.0061981,.0167515,.4097263,7494,1209075,3974,280495,.0141678,.0024074
"Personnel, HR, training, and labor relations specialists",,,,,,.0038123,.0088744,.2507374,3540,928580,.0036917,.0083617,.2471383,4106,1112210,.0062661,.0095601,.2812034,8067,1287406,.0061038,.0081009,.3002736,7380,1209075,3840.001,280495,.0136901,.0022916
"Retail sales clerks",.0079387,.0027162,-.2862927,5800,730600,.0001723,.0020413,-.2460709,160,928580,.000499,.0033035,-.2977022,555,1112210,.0123015,.0052758,-.2164257,15837,1287406,.0060302,.0022897,-.2723469,7291,1209075,7131,280495,.0254229,.0058579
"Office supervisors",.0008212,.0056926,.3589962,600,730600,.0030369,.0036605,.2885089,2820,928580,.0021381,.0036079,.3094405,2378,1112210,.0047957,.0037757,.2327947,6174,1287406,.0051783,.0048527,.230324,6261,1209075,3441,280495,.0122676,.0021414
"Economists, market researchers, and survey researchers",.0031481,.0369775,.2304108,2300,730600,.0030154,.0294923,.3257005,2800,928580,.0034634,.0266606,.2885416,3852,1112210,.0025423,.0291234,.2611669,3273,1287406,.005027,.020145,.257912,6078,1209075,3278,280495,.0116865,.0020116
"Airplane pilots and navigators",.0123186,.1587302,.5366781,9000,730600,.0121907,.1564833,.5117369,11320,928580,.0088616,.0931199,.4702945,9856,1112210,.0072704,.0763776,.4183283,9360,1287406,.0047168,.0467816,.5238047,5703,1209075,-5617,280495,-.0200253,-.0074738
"Farmers (owners and tenants)",.0198467,.013385,-.322611,14500,730600,.0235629,.0223804,-.256156,21880,928580,.0037493,.0064722,-.3587422,4170,1112210,.00143,.0039764,-.4303209,1841,1287406,.0046225,.0116397,-.0368149,5589,1209075,-16291,280495,-.0580795,-.0189403
"Supervisors of construction work",,,,,,.0187168,.0240954,.2378791,17380,928580,.008921,.0128266,.2372245,9922,1112210,.0055585,.0080724,.2446826,7156,1287406,.0042785,.0071666,.3468524,5173,1209075,-12207,280495,-.0435195,-.0144383
"Managers of food-serving and lodging establishments",.0088968,.020961,.1040701,6500,730600,,,,,,.0099684,.011584,.084578,11087,1112210,.0055911,.0093067,.09211,7198,1287406,.0041304,.0046255,.1257109,4994,1209075,,,,
"Not-elsewhere-classified engineers",.0047906,.0194769,.2170504,3500,730600,.005083,.0171089,.2552271,4720,928580,.0035704,.0111485,.256406,3971,1112210,.0027653,.0098038,.2442947,3560,1287406,.004013,.0085608,.354915,4852,1209075,132,280495,.0004706,-.00107
"Truck, delivery, and tractor drivers",.0080756,.0027715,.0298851,5900,730600,.0144522,.0049726,.0587608,13420,928580,.0074078,.0026374,.0026197,8239,1112210,.0055429,.0020412,-.0012564,7136,1287406,.004008,.0012596,-.0265527,4846,1209075,-8574,280495,-.0305674,-.0104442
"Managers in education and related fields",.0034218,.0127486,.0126035,2500,730600,.0029507,.0072575,.0477655,2740,928580,.0044893,.0084301,.0114372,4993,1112210,.0039925,.0076056,.0569137,5140,1287406,.0037574,.0054459,.0457739,4543,1209075,1803,280495,.0064279,.0008067
"Actors, directors, producers",.0004106,.0333333,.0132311,300,730600,.0030584,.050805,.0256433,2840,928580,.0033033,.0393821,.0719174,3674,1112210,.0039343,.0322328,.1103129,5065,1287406,.0037558,.023643,.0273787,4541,1209075,1701,280495,.0060643,.0006973
"Architects",.0062962,.0851852,.1898722,4600,730600,.004243,.0386047,.0288521,3940,928580,.0042474,.0317913,.0671604,4724,1112210,.0029245,.0203337,.0520378,3765,1287406,.00352,.0262515,.119964,4256,1209075,315.9998,280495,.0011266,-.000723
"Production supervisors or foremen",.0104024,.0049089,.2507676,7600,730600,.0146676,.0072182,.2579235,13620,928580,.005828,.0050383,.3231501,6482,1112210,.0045704,.0047104,.2558634,5884,1287406,.0034125,.0048422,.2805505,4126,1209075,-9494,280495,-.0338473,-.011255
"Management support occupations",,,,,,.0002154,.0068918,.3246326,200,928580,.0004478,.0014109,.2897362,498,1112210,.0008381,.0048746,.1958657,1079,1287406,.00331,.014127,.2326151,4002,1209075,3802,280495,.0135546,.0030946
"Customer service reps, investigators and adjusters, except insurance",.0030112,.0088424,.1834335,2200,730600,.0008185,.0031614,.2001315,760,928580,.0009881,.0019876,.1839451,1099,1112210,.0031785,.0020163,.0945893,4092,1287406,.0032372,.0014386,-.0614115,3914,1209075,3154,280495,.0112444,.0024187
"Designers",.0035587,.0159216,.0993635,2600,730600,.0024984,.0074521,-.0595142,2320,928580,.0036477,.0072718,-.0278242,4057,1112210,.0030845,.0056576,-.0187118,3971,1287406,.0030875,.004599,-.0182067,3733,1209075,1413,280495,.0050375,.000589
"Nursing aides, orderlies, and attendants",0,0,-.1520884,0,730600,.0022615,.0017269,-.1766317,2100,928580,.0029455,.0020022,-.1997991,3276,1112210,.0035436,.0024722,-.2090457,4562,1287406,.0030403,.0011348,-.2747124,3676,1209075,1576,280495,.0056186,.0007788
"Purchasing managers, agents and buyers, n.e.c.",.0026006,.0118973,.2273062,1900,730600,.0030154,.0109821,.2565726,2800,928580,.0024546,.0078189,.3062062,2730,1112210,.0021873,.0064231,.3077796,2816,1287406,.0027732,.00754,.3218172,3353,1209075,553,280495,.0019715,-.0002422
"Petroleum, mining, and geological engineers",.0004106,.0272727,.1521013,300,730600,.0009908,.0408526,.428988,920,928580,.0006959,.0316668,.4119687,774,1112210,.0003744,.0225835,.37771,482,1287406,.0027227,.0698094,.7171819,3292,1209075,2372,280495,.0084565,.001732
"Writers and authors",.001095,.0355556,-.0302716,800,730600,.0017661,.0409386,-.4229182,1640,928580,.0024914,.0292482,-.2954423,2771,1112210,.0020537,.0184874,-.197698,2644,1287406,.0026227,.0153734,-.3183574,3171,1209075,1531,280495,.0054582,.0008565
"Medical scientists",,,,,,.0025846,.1243523,.2535585,2400,928580,.0006572,.0274915,.0101774,731,1112210,.0010471,.0175315,-.1182077,1348,1287406,.0025648,.0212394,.1464122,3101,1209075,701,280495,.0024992,-.0000198
"Geologists",.0012319,.0456853,.0777863,900,730600,.0023692,.0497288,.1933406,2200,928580,.0010915,.024127,.0818467,1214,1112210,.0004474,.0071217,.0451597,576,1287406,.0025118,.0456644,.1922697,3037,1209075,837,280495,.002984,.0001426
"Primary school teachers",.0023269,.0012422,.0096636,1700,730600,.0018308,.0007556,-.0804797,1700,928580,.0011895,.000453,-.165626,1323,1112210,.0012886,.0005488,-.1626335,1659,1287406,.0024953,.0008942,-.2052683,3017,1209075,1317,280495,.0046953,.0006645
"Athletes, sports instructors, and officials",.0008212,.0143885,-.2254521,600,730600,.0013138,.0268486,-.3562274,1220,928580,.0016184,.0239225,-.3575286,1800,1112210,.002199,.0178427,-.3981258,2831,1287406,.0024126,.0121077,-.4369729,2917,1209075,1697,280495,.00605,.0010988
"Bank tellers",.0002737,.0008214,.1175493,200,730600,.0005815,.0011012,.0434387,540,928580,.0001636,.0003802,-.0211294,182,1112210,.0000816,.0002675,-.0405311,105,1287406,.002396,.0063779,.1195337,2897,1209075,2357,280495,.008403,.0018145
"Secretaries",.0061593,.0017232,.2771339,4500,730600,.0032954,.0008152,.1351841,3060,928580,.0015222,.0004516,.1225646,1693,1112210,.0028585,.0010274,.0786369,3680,1287406,.0023175,.0009379,.0276358,2802,1209075,-258,280495,-.0009198,-.0009779
"Civil engineers",.0045168,.01875,.1887968,3300,730600,.0032092,.0153719,.2068679,2980,928580,.0025751,.011972,.2281951,2864,1112210,.0028344,.014089,.1995033,3649,1287406,.0021794,.0089211,.2852899,2635,1209075,-345,280495,-.00123,-.0010298
"Veterinarians",.0031481,.1314286,.1910166,2300,730600,.0025846,.0728597,.1802513,2400,928580,.0029581,.0704497,.080052,3290,1112210,.001837,.0412927,.163098,2365,1287406,.0021653,.0381967,.182537,2618,1209075,218,280495,.0007772,-.0004193
"Editors and reporters",.003285,.0169851,.0869092,2400,730600,.0021107,.0100616,-.0060837,1960,928580,.0026344,.0117472,.0099116,2930,1112210,.0021842,.0099364,-.0291177,2812,1287406,.0020768,.0081278,-.1002204,2511,1209075,550.9996,280495,.0019644,-.000034
"Pharmacists",.0027375,.0205128,.0551592,2000,730600,.0018308,.0125814,.0469682,1700,928580,.0015258,.0098135,.1823736,1697,1112210,.0021011,.0140409,.2977726,2705,1287406,.0020371,.0087708,.3603681,2463,1209075,762.9998,280495,.0027202,.0002063
"Physical scientists, n.e.c.",.0001369,.1111111,-.0197174,100,730600,.0001077,.0114416,.0695,100,928580,.0001034,.0063589,.0658664,115,1112210,.0012249,.0109168,-.1283201,1577,1287406,.0019577,.0112251,.0098599,2367,1209075,2267,280495,.0080821,.00185
"Managers of service organizations, n.e.c.",,,,,,,,,,,.0029868,.00886,.0786258,3322,1112210,.0024219,.0102554,.1191434,3118,1287406,.0019279,.0047246,.0778859,2331,1209075,,,,
"Actuaries",.0005475,.0816327,.4523511,400,730600,.0005385,.0496032,.4253462,500,928580,.0010933,.0648395,.5540152,1216,1112210,.0012281,.0772048,.5934561,1581,1287406,.0018394,.0821726,.6079382,2224,1209075,1724,280495,.0061463,.001301
"Electrical engineer",.0038325,.0099467,.2553654,2800,730600,.0022184,.0065107,.2720327,2060,928580,.0023359,.0057471,.3266983,2598,1112210,.0033952,.0119268,.2963073,4371,1287406,.0017336,.0081877,.369629,2096,1209075,36,280495,.0001283,-.0004849
"Vocational and educational counselors",.0009581,.0064635,-.0703844,700,730600,.00028,.0013684,-.1192404,260,928580,.0003174,.0015298,-.1732892,353,1112210,.0006463,.001566,-.2107502,832,1287406,.0016459,.0026603,-.2536121,1990,1209075,1730,280495,.0061677,.0013659
"Inspectors and compliance officers, outside construction",.0004106,.0039422,.1292389,300,730600,.0003446,.0022133,.1013145,320,928580,.0004028,.0029333,.1440342,448,1112210,.0004513,.0056473,.243789,581,1287406,.0016227,.0075682,.3127483,1962,1209075,1642,280495,.0058539,.0012781
"Cooks, variously defined",.0006844,.0006537,-.3725669,500,730600,.0018738,.0013395,-.3910002,1740,928580,.0017919,.0010799,-.3842356,1993,1112210,.0030099,.0017718,-.3078231,3875,1287406,.0016202,.0006246,-.3264153,1959,1209075,219,280495,.0007808,-.0002536
"Chemical engineers",.0015056,.0204461,.2123185,1100,730600,.0007538,.0124955,.3143246,700,928580,.000588,.0102863,.3397616,654,1112210,.0004746,.0097374,.3398091,611,1287406,.001593,.0299059,.528586,1926,1209075,1226,280495,.0043708,.0008391
"Advertising and related sales jobs",.0034218,.0389408,.2314748,2500,730600,.0015508,.0137483,.1423492,1440,928580,.002139,.0148879,.1488923,2379,1112210,.0028561,.0183511,.2227637,3677,1287406,.0014308,.0112051,.2103876,1730,1209075,290,280495,.0010339,-.0001199
"Teachers , n.e.c.",.0009581,.0038976,-.3806068,700,730600,.0009477,.0030406,-.4786701,879.9999,928580,.0012543,.0026725,-.4591978,1395,1112210,.0009166,.0008498,-.6155555,1180,1287406,.0014275,.000937,-.5014991,1726,1209075,846.0001,280495,.0030161,.0004799
"Construction laborers",.001095,.0014324,-.1674207,800,730600,.0017661,.0026381,-.1846266,1640,928580,.00254,.0030962,-.1670902,2825,1112210,.0018743,.0020849,-.1280208,2413,1287406,.0013622,.0008867,-.1557391,1647,1209075,7,280495,.000025,-.0004039
"Janitors",.0019162,.0013868,-.2842276,1400,730600,.0023477,.0013055,-.3464617,2180,928580,.0015366,.0008337,-.381253,1709,1112210,.0024188,.0018455,-.388971,3114,1287406,.0013291,.0007129,-.4138403,1607,1209075,-573.0001,280495,-.0020428,-.0010186
"Machine operators, n.e.c.",.0036956,.0008825,.0337461,2700,730600,.0027138,.0013098,.0898786,2520,928580,.0012579,.0009491,.0991233,1399,1112210,.0020095,.0020017,.0182095,2587,1287406,.0012274,.0010689,-.0007725,1484,1209075,-1036,280495,-.0036935,-.0014864
"Other health and therapy",.0012319,.0810811,-.0200889,899.9999,730600,.0019169,.0911885,.0967953,1780,928580,.0035389,.0931223,.003404,3936,1112210,.00198,.0441393,-.1130901,2549,1287406,.0011612,.0184649,-.3081588,1404,1209075,-376,280495,-.0013405,-.0007557
"Insurance adjusters, examiners, and investigators",.0002737,.0020346,.1016211,200,730600,.0004954,.0028746,.2166785,460,928580,.0007274,.0024113,.3091349,809.0001,1112210,.0007364,.0019262,.2227763,948,1287406,.0011447,.0021021,.1833256,1384,1209075,924,280495,.0032942,.0006493
"Material recording, scheduling, production, planning, and expediting clerks",.0004106,.0014815,.1931929,300,730600,.00056,.0014817,.1507438,520,928580,.0007732,.0018984,.1014963,860,1112210,.0019963,.0046505,.1967616,2570,1287406,.0011066,.0024872,.1937361,1338,1209075,818,280495,.0029163,.0005466
"Laborers outside construction",.0015056,.0012295,-.2245142,1100,730600,.0016369,.0013337,-.1172035,1520,928580,.0006033,.0006179,-.1516623,671,1112210,.0019636,.0015499,-.1668511,2528,1287406,.0010917,.0006147,-.2363821,1320,1209075,-200,280495,-.000713,-.0005452
"Legal assistants, paralegals, legal support, etc",,,,,,.0002154,.0027278,.1069428,200,928580,.0008901,.0040434,.220584,990,1112210,.0019862,.0052755,.1902943,2557,1287406,.0010702,.0023705,.2113866,1294,1209075,1094,280495,.0039002,.0008549
"Automobile mechanics",.003285,.00311,.019148,2400,730600,.0027784,.0029693,-.031489,2580,928580,.0011212,.001413,-.0376589,1247,1112210,.0009702,.0012783,-.0602935,1249,1287406,.0010157,.0015086,-.036381,1228,1209075,-1352,280495,-.0048201,-.0017628
"Police, detectives, and private investigators",.0008212,.0016043,.1350541,600,730600,.0007754,.0014735,.1472271,720,928580,.0003767,.0006825,.2659009,419,1112210,.0011504,.0017117,.2600383,1481,1287406,.0009991,.0012124,.3225124,1208,1209075,488,280495,.0017398,.0002237
"Chemists",.0015056,.0097518,.0900304,1100,730600,.0006246,.0058704,.1290231,580,928580,.0006824,.0056579,.0951965,759,1112210,.0004521,.005852,.101726,582,1287406,.000966,.0142181,.204799,1168,1209075,588,280495,.0020963,.0003414
"Optometrists",.0031481,.1474359,.2398185,2300,730600,.0024338,.0987762,.2711239,2260,928580,.0014512,.0665073,.2002502,1614,1112210,.0008459,.0383087,.2876031,1089,1287406,.0009139,.0328341,.228909,1105,1209075,-1155,280495,-.0041177,-.0015199
"Health technologists and technicians, n.e.c.",.0002737,.0036166,.0859405,200,730600,.0005815,.0037578,.0197974,540,928580,.000945,.0026528,.0361155,1051,1112210,.001197,.006126,.0675545,1541,1287406,.0009032,.0024335,.1143737,1092,1209075,552,280495,.0019679,.0003216
"Bookkeepers and accounting and auditing clerks",.0034218,.0017134,.1113433,2500,730600,.0023907,.0012803,.0439225,2220,928580,.0021057,.0013381,.0374371,2342,1112210,.0017562,.0014151,.0449515,2261,1287406,.0008883,.0010014,.0493621,1074,1209075,-1146,280495,-.0040856,-.0015025
"General office clerks",.0038325,.0019393,.0044366,2800,730600,.0016584,.0010022,-.0396621,1540,928580,.0015366,.001297,-.0508394,1709,1112210,.0013244,.0013011,-.1243356,1705,1287406,.0008684,.0008308,-.1094255,1050,1209075,-489.9999,280495,-.0017469,-.00079
"Musician or composer",.0015056,.0138539,-.4700833,1100,730600,.0012061,.0095907,-.6178572,1120,928580,.0012534,.0108104,-.6156033,1394,1112210,.0008102,.0077127,-.5863234,1043,1287406,.0008635,.0060817,-.6838762,1044,1209075,-76,280495,-.0002709,-.0003427
"Plumbers, pipe fitters, and steamfitters",.0009581,.0018602,.2208876,700,730600,.0016584,.0034396,.1469419,1540,928580,.0010708,.0026728,.1296003,1191,1112210,.0007115,.0018195,.1374549,916,1287406,.0008453,.001913,.1728557,1022,1209075,-518,280495,-.0018467,-.0008132
"Dental hygenists",.0001369,.0061728,.4445083,100,730600,0,0,.2659621,0,928580,.0000557,.0008609,.2085371,62,1112210,.0000443,.000509,.2174485,57,1287406,.0008312,.0057287,.2422616,1005,1209075,1005,280495,.003583,.0008312
"Business and promotion agents",,,,,,.0001508,.0073918,.1209745,140,928580,.000864,.0293543,.0965422,961,1112210,.0009461,.0365469,.0845807,1218,1287406,.0008271,.0252947,-.0922869,1000,1209075,860.0001,280495,.003066,.0006763
"Administrative support jobs, n.e.c.",.0019162,.0031496,.0912045,1400,730600,.0008185,.0018016,.0672233,760,928580,.0016067,.0026679,.1035173,1787,1112210,.0012708,.0029863,.0753835,1636,1287406,.0007948,.0014371,.0434013,961,1209075,201,280495,.0007166,-.0000236
"Stock and inventory clerks",.0005475,.0009938,-.0314595,400,730600,.0006677,.0011853,-.0253637,620,928580,.0004594,.0008318,-.0771368,511,1112210,.0010517,.0012046,-.2037708,1354,1287406,.0007874,.0006025,-.301914,952,1209075,332,280495,.0011836,.0001197
"Art makers: painters, sculptors, craft-artists, and print-makers",.003285,.0255864,.0082435,2400,730600,.0012492,.0083973,-.2846976,1160,928580,.0011563,.00667,-.3382147,1286,1112210,.0009632,.0059381,-.3256628,1240,1287406,.0007849,.0051443,-.4066079,949,1209075,-211,280495,-.0007522,-.0004643
"Cashiers",.0004106,.0004319,-.1809761,300,730600,.0015077,.0009659,-.2100155,1400,928580,.0015977,.0008325,-.3344866,1777,1112210,.0023217,.0013622,-.3339764,2989,1287406,.000708,.0002877,-.3783019,856,1209075,-544,280495,-.0019394,-.0007997
"Psychologists",.0012319,.0291262,.0271477,900,730600,.0012492,.0129609,.030811,1160,928580,.0035299,.0213644,-.0684151,3926,1112210,.0008894,.007225,-.0794093,1145,1287406,.0006939,.0050544,-.0470703,838.9999,1209075,-321.0001,280495,-.0011444,-.0005553
"Mathematicians and mathematical scientists",.0001369,.0149254,.2803182,100,730600,.0000431,.0065359,.2601097,40,928580,.0000171,.0034038,.1785511,19,1112210,.000122,.0056154,.1007987,157,1287406,.0006832,.0165309,.2720877,826,1209075,786,280495,.0028022,.0006401
"Industrial engineers",.0030112,.0120219,.2270553,2200,730600,.0006461,.0031956,.2305273,600,928580,.0004532,.0030187,.2798934,504,1112210,.00064,.0044444,.2513894,824,1287406,.0006757,.0042748,.3170125,817.0001,1209075,217.0001,280495,.0007736,.0000296
"Aerospace engineer",.0001369,.0015175,.3262108,100,730600,.0006677,.0073321,.2908267,620,928580,.0006294,.0052477,.34675,700,1112210,.000341,.0041393,.2776298,439,1287406,.0006757,.0071372,.4439327,817,1209075,197,280495,.0007023,8.04e-06
"Housekeepers, maids, butlers, stewards, and lodging quarters cleaners",.0002737,.0002922,-.3759512,200,730600,.0004954,.0007563,-.4015957,460,928580,.0003453,.0006092,-.3852849,384,1112210,.0014106,.0017574,-.4713732,1816,1287406,.0006608,.0005393,-.4991851,799,1209075,339,280495,.0012086,.0001655
"Dental laboratory and medical appliance technicians",.0008212,.0253165,.1037834,600,730600,.0004523,.0095325,.0476298,420,928580,.0004361,.0090622,.0660282,485,1112210,.0003993,.0013667,-.0299531,514,1287406,.0006385,.0011125,.0656521,772,1209075,352,280495,.0012549,.0001862
"Heavy equipment and farm equipment mechanics",.0009581,.0011962,.1367885,700,730600,.0004954,.0024408,.1645064,460,928580,.0001493,.0009574,.1256159,166,1112210,.0002959,.001604,.0720321,381,1287406,.0006352,.0028623,.19668,768,1209075,308,280495,.0010981,.0001398
"Graders and sorters in manufacturing",0,0,-.191907,0,730600,.0000862,.0009488,-.17219,80,928580,.000018,.0001811,-.1438885,20,1112210,.0009375,.0014337,.076136,1207,1287406,.0006319,.0010097,.0959568,763.9999,1209075,683.9999,280495,.0024385,.0005457
"Supervisors of cleaning and building service",,,,,,.0001938,.0016747,-.0451198,180,928580,.0004091,.0028995,-.0059049,455,1112210,.0002431,.0018297,-.0410085,313,1287406,.0005972,.0032927,-.0914377,722,1209075,542,280495,.0019323,.0004033
"Mechanical engineers",.0036956,.0150083,.2852269,2700,730600,.0015723,.007601,.27823,1460,928580,.0007364,.0045764,.284202,819,1112210,.0016289,.007948,.2629891,2097,1287406,.0005922,.0029771,.334168,716,1209075,-744,280495,-.0026525,-.0009801
"Guards, watchmen, doorkeepers",0,0,-.153946,0,730600,.00084,.0016655,-.2852431,780,928580,.0007454,.0012488,-.2447019,828.9999,1112210,.001044,.0020768,-.2391571,1344,1287406,.0005914,.000773,-.1904949,715,1209075,-65,280495,-.0002317,-.0002486
"Operations and systems researchers and analysts",.0006844,.006605,.2720428,500,730600,.0003662,.004281,.3246236,340,928580,.0015069,.006919,.3785281,1676,1112210,.0010463,.0099537,.3482491,1347,1287406,.0005872,.0026716,.3153643,710,1209075,370,280495,.0013191,.0002211
"Engineering technicians, n.e.c.",.0006844,.0026123,.1235579,500,730600,.0013138,.0045326,.0991595,1220,928580,.0004289,.0019842,.0618678,477,1112210,.0006952,.0015836,.0700685,895.0001,1287406,.0005864,.0012453,.0775965,709,1209075,-511,280495,-.0018218,-.0007274
"Radiologic tech specialists",.0001369,.0018762,.2706738,100,730600,.0003446,.0034438,.2116602,320,928580,.0001753,.0015389,.2674732,195,1112210,.0004466,.0025859,.2340881,575,1287406,.0005765,.0020922,.3087223,696.9999,1209075,376.9999,280495,.0013441,.0002319
"Announcers",.0005475,.0189573,-.0664536,400,730600,.0007108,.0163772,-.2233891,660,928580,.0005323,.0110718,-.2781876,592,1112210,.0006276,.0164271,-.212511,808,1287406,.0005599,.0145736,-.3477719,677,1209075,17,280495,.0000606,-.0001508
"Welders and metal cutters",.0006844,.0009353,.1371037,500,730600,.0014861,.0019995,.1443249,1380,928580,.0005179,.0009869,.0855977,576,1112210,.0007138,.0015401,.0723733,919,1287406,.0005541,.0010983,.1682564,670,1209075,-710,280495,-.0025312,-.000932
"Licensed practical nurses",.0001369,.0004365,.0852221,100,730600,.0003877,.0008748,.0508767,360,928580,.0005565,.001518,.0616514,619,1112210,.0007333,.0016845,.1018565,944,1287406,.00055,.0008406,.1871221,665,1209075,305,280495,.0010874,.0001623
"Insurance underwriters",,,,,,.0002369,.0124294,.3543321,220,928580,.0001996,.0033894,.4428158,222,1112210,.0006066,.0097089,.3811451,780.9999,1287406,.0005442,.0061385,.4157116,658,1209075,438,280495,.0015615,.0003073
"Supervisors of agricultural occupations",,,,,,.0000862,.0042328,.0020712,80,928580,.0003372,.0061365,-.0178266,375,1112210,.0004567,.0046198,-.0191913,588,1287406,.0005442,.0043384,-.0825792,657.9999,1209075,577.9999,280495,.0020606,.0004581
"Assemblers of electrical equipment",.0002737,.000221,.1265587,200,730600,.0012492,.0007553,.0899578,1160,928580,.001114,.0007336,.0478941,1239,1112210,.0014261,.0012524,.0178002,1836,1287406,.0005351,.0005551,-.0087107,647.0001,1209075,-512.9999,280495,-.0018289,-.0007141
"Electricians",.001095,.001696,.211236,800,730600,.00252,.0040612,.1949806,2340,928580,.0008946,.0016582,.1827823,995,1112210,.0011581,.0020551,.1673445,1491,1287406,.0005153,.0007545,.2067031,623,1209075,-1717,280495,-.0061213,-.0020047
"Social workers",.0001369,.0004762,.0672806,100,730600,.0004308,.0009251,-.0210712,400,928580,.0007085,.0012586,-.0879225,788,1112210,.0004365,.0009108,-.088725,562,1287406,.0005012,.000755,-.0734387,606,1209075,206,280495,.0007344,.0000704
"Physical therapists",,,,,,.0004523,.0100719,.1370528,420,928580,.001176,.0147616,.2144129,1308,1112210,.0007169,.0051648,.058025,923.0001,1287406,.0005004,.0018971,.0588108,605,1209075,185,280495,.0006595,.0000481
"Farm workers",.0013687,.0013115,-.6961948,1000,730600,.0013138,.0017141,-.4557468,1220,928580,.0009459,.0017255,-.4489971,1052,1112210,.0008552,.0016965,-.3783579,1101,1287406,.0004987,.000729,-.2525983,603,1209075,-617,280495,-.0021997,-.0008151
"Operating engineers of construction equipment",.001095,.0037718,.1072795,800,730600,.0006892,.0033216,.1530587,640,928580,.0006123,.0032844,.1765541,681,1112210,.000522,.0021459,.1398091,672,1287406,.0004747,.0017896,.2315658,574,1209075,-66,280495,-.0002353,-.0002145
"Interviewers, enumerators, and surveyors",.0001369,.0016287,-.8797448,100,730600,.0001292,.0009421,-.3328232,120,928580,.0002877,.0018159,-.272512,320,1112210,.0004738,.0024976,-.2765819,610,1287406,.0004698,.0029974,.0054225,568,1209075,448,280495,.0015972,.0003406
"Clinical laboratory technologies and technicians",.0004106,.0024233,.1551972,300,730600,.0002154,.0008486,.1314869,200,928580,.0005116,.0017868,.1321859,569,1112210,.0005134,.0022873,.0342692,661,1287406,.0004615,.0018131,.0953025,558,1209075,358,280495,.0012763,.0002461
"Funeral directors",.00219,.0503145,.1166567,1600,730600,.0010985,.0281302,.0463968,1020,928580,.0008218,.0225506,.1121999,914,1112210,.0005608,.017599,.1399796,722.0001,1287406,.0004574,.0179458,.1376907,553,1209075,-467,280495,-.0016649,-.0006411
"Carpenters",.0023269,.002133,-.0025859,1700,730600,.0037907,.0033549,-.1152325,3520,928580,.0020473,.0019379,-.1062728,2277,1112210,.0018308,.0017953,-.099901,2357,1287406,.0004524,.0004657,-.1235203,547,1209075,-2973,280495,-.0105991,-.0033383
"Podiatrists",.0008212,.0952381,.0180281,600,730600,.0010985,.1536145,.1579114,1020,928580,.0011904,.1783886,.2055523,1324,1112210,.0006812,.0831201,.3461756,877,1287406,.0004408,.0768676,.4552706,533,1209075,-487,280495,-.0017362,-.0006576
"Military",.0034218,.0012518,-.3150627,2500,730600,.0015723,.0009051,-.1850327,1460,928580,.0008263,.0005441,-.0308754,919.0001,1112210,.0009539,.0010687,.0648243,1228,1287406,.0004384,.0005204,.3862192,530,1209075,-930,280495,-.0033156,-.0011339
"Photographers",.0012319,.0151771,.0660802,900,730600,.0006246,.0066913,-.2309869,580,928580,.0013406,.011283,-.1790824,1491,1112210,.0007612,.0088888,-.2284132,980,1287406,.0004226,.0031676,-.4617084,511,1209075,-69,280495,-.000246,-.000202
"Clergy and religious workers",.0015056,.0048119,-.6182857,1100,730600,.0010123,.0031565,-.5988342,940,928580,.0003857,.0011425,-.5894521,429,1112210,.0003464,.0009961,-.5072002,446,1287406,.0004119,.0010723,-.4631291,498,1209075,-442,280495,-.0015758,-.0006004
"Art/entertainment performers and related",.0028743,.0345964,-.0696382,2100,730600,.0006677,.0141423,-.3285643,620,928580,.0007391,.0099815,-.309363,822,1112210,.0003022,.0045668,-.2190885,389,1287406,.0004003,.0034576,-.2409397,484,1209075,-136,280495,-.0004849,-.0002674
"Physicists and astronomers",.0004106,.0138249,.1754589,300,730600,.0003662,.0154265,.1622316,340,928580,.0003489,.0147922,.1610312,388,1112210,.0000614,.0041189,.0889707,79,1287406,.0003854,.0610027,.2424223,466,1209075,126,280495,.0004492,.0000193
"Supervisors of mechanics and repairers",,,,,,.0007754,.0046735,.2700301,720,928580,.0008506,.0036665,.354599,946,1112210,.0010036,.0035267,.277869,1292,1287406,.0003705,.001755,.3026282,448,1209075,-272,280495,-.0009697,-.0004048
"Surveyors, cartographers, mapping scientists and technicians",0,0,.0162746,0,730600,.0003662,.0036178,.0179531,340,928580,.0004154,.0046796,.0067519,462,1112210,.0001623,.0019165,-.0118658,209,1287406,.0003705,.0050154,.1003564,448,1209075,108,280495,.000385,4.38e-06
"Bartenders",.0006844,.0029138,-.2869166,500,730600,.0007538,.0025652,-.3982171,700,928580,.0002769,.0010594,-.4141569,308,1112210,.0002113,.0008859,-.3724662,272,1287406,.000359,.0010443,-.253512,434,1209075,-266,280495,-.0009483,-.0003949
"Electric power installers and repairers",.0001369,.000947,.2214083,100,730600,.0001723,.0016032,.2587174,160,928580,.0000836,.0007951,.3690769,93,1112210,.0000986,.0009218,.2667126,127,1287406,.0003581,.003181,.5095951,433,1209075,273,280495,.0009733,.0001858
"Hairdressers and cosmetologists",.0009581,.0014919,-.0962325,700,730600,.0011631,.0020904,-.2494685,1080,928580,.0005062,.0008221,-.2453917,563,1112210,.0002913,.0004961,-.2549868,375,1287406,.0003515,.0003794,-.252834,425,1209075,-655,280495,-.0023352,-.0008116
"Receptionists",.0002737,.0006849,-.0596055,200,730600,.0003446,.0006609,-.1423387,320,928580,.0002571,.0003949,-.1293049,286,1112210,.0004909,.0006366,-.1444305,632,1287406,.0003499,.0003901,-.0997061,423,1209075,103,280495,.0003672,5.24e-06
"Physicians' assistants",,,,,,.0000431,.0014164,.0377103,40,928580,.000036,.0017057,.1303372,40,1112210,.0003177,.0072974,.1371519,409,1287406,.0003424,.0044676,.3689473,414,1209075,374,280495,.0013334,.0002993
"Speech therapists",,,,,,.0001292,.0029499,.076457,120,928580,.000107,.0018222,-.0389554,119,1112210,.0002245,.0027691,-.0355013,289,1287406,.0003408,.0025759,.0067106,412,1209075,292,280495,.001041,.0002115
"Other mining occupations",,,,,,.0001723,.0033543,.2375807,160,928580,.0000584,.0021373,.1572402,65,1112210,.0000792,.0038225,.0609882,102,1287406,.0003275,.005711,.4972116,396,1209075,236,280495,.0008414,.0001552
"Child care workers",.0002737,.000692,-1.109864,200,730600,.0004092,.0005954,-.9343846,380,928580,.0001475,.0002341,-.8909997,164,1112210,.000682,.0007009,-.6415597,878,1287406,.0003275,.0003154,-.591216,396,1209075,16,280495,.000057,-.0000817
"Other law enforcement: sheriffs, bailiffs, correctional institution officers",.0001369,.0027174,-.0020338,100,730600,.0000862,.000558,.0105316,80,928580,.0002005,.0007626,.1254564,223,1112210,.0003876,.0011913,.1521553,499,1287406,.0003234,.0008071,.2420664,391,1209075,311,280495,.0011088,.0002372
"Ship crews and marine engineers",.0005475,.0073529,.1549657,400,730600,.0017015,.0239249,.2186959,1580,928580,.0009027,.0166426,.1497194,1004,1112210,.0003822,.0086601,.164059,492,1287406,.0003176,.0055269,.3475409,384,1209075,-1196,280495,-.0042639,-.0013839
"Buyers, wholesale and retail trade",.0052012,.0233415,.2798605,3800,730600,.0022615,.0134875,.210454,2100,928580,.0015366,.0080253,.1213364,1709,1112210,.0010595,.0064172,.0504545,1364,1287406,.0003068,.001887,-.0339619,371,1209075,-1729,280495,-.0061641,-.0019547
"Painters, construction and maintenance",.0006844,.0016176,-.1319225,500,730600,.0012061,.0033029,-.2179057,1120,928580,.0008173,.001932,-.2479219,909,1112210,.0007154,.0018405,-.2329604,921,1287406,.0003011,.0006439,-.2857431,364,1209075,-756,280495,-.0026952,-.0009051
"Dental assistants",.0004106,.0036452,.0267505,300,730600,.0001292,.0008179,.0256319,120,928580,.0001394,.0009053,-.0007401,155,1112210,.0001981,.0012284,.0427467,255,1287406,.0002936,.0011668,.1236684,355,1209075,235,280495,.0008378,.0001644
"Correspondence and order clerks",,,,,,.0004523,.0013332,.1441463,420,928580,.0001403,.0006956,.1768218,156,1112210,.0001592,.0012425,-.0676283,205,1287406,.000287,.0025925,-.085994,347,1209075,-73,280495,-.0002603,-.0001653
"Supervisors of motor vehicle transportation",,,,,,.0001723,.0050794,.1417383,160,928580,.000321,.0039504,.2145872,357,1112210,.000734,.0040033,.1667104,944.9999,1287406,.000287,.0016452,.2019064,347,1209075,187,280495,.0006667,.0001147
"Parking lot attendants",.0001369,.0046083,-.3728856,100,730600,.0000646,.0022288,-.4606856,60,928580,.0000845,.0024739,-.4302702,94,1112210,.0000955,.0025469,-.4349206,123,1287406,.0002862,.0047199,-.4324831,346,1209075,286,280495,.0010196,.0002216
"Recreation facility attendants",.0002737,.0040404,-.4511905,200,730600,.0001077,.0013358,-.3898729,99.99999,928580,.0001232,.0013301,-.3519671,137,1112210,.0001033,.0007475,-.2288694,133,1287406,.0002729,.0012105,-.3716489,330,1209075,230,280495,.00082,.0001652
"Health aides, except nursing",.0002737,.0017513,-.0079261,200,730600,.0004092,.0014726,-.0715277,380,928580,.0002437,.0013574,-.1268184,271,1112210,.0003301,.0007853,-.0666432,425,1287406,.0002705,.000356,.023741,327,1209075,-53,280495,-.000189,-.0001388
"Sales engineers",.0016425,.0211268,.2696139,1200,730600,.0014431,.0329724,.3233451,1340,928580,.0007651,.020957,.3738358,851,1112210,.0006633,.0269443,.3848133,854,1287406,.0002614,.0095865,.4975458,316,1209075,-1024,280495,-.0036507,-.0011817
"Welfare service aides",0,0,-.2142154,0,730600,0,0,-.4478026,0,928580,.0000306,.000818,-.402295,34,1112210,.0004606,.0023723,-.0882797,593,1287406,.0002564,.0008942,-.0547036,310,1209075,310,280495,.0011052,.0002564
"Dietitians and nutritionists",0,0,.0434078,0,730600,.0001723,.0026333,.0511603,160,928580,.0001277,.0016394,-.0482924,142,1112210,.0001965,.0033854,-.0827067,253,1287406,.0002432,.003328,-.0468277,294,1209075,134,280495,.0004777,.0000709
"Waiter/waitress",.0004106,.000334,-.4811302,300,730600,.0005385,.000429,-.4163883,500,928580,.0002913,.0002621,-.3497415,324,1112210,.0008467,.0007351,-.316397,1090,1287406,.0002415,.0001384,-.2510416,292,1209075,-208,280495,-.0007415,-.0002969
"Drillers of oil wells",,,,,,.0004523,.0065056,.2567118,420,928580,.0000414,.0014494,.0152036,46,1112210,.0000303,.0026638,.1625951,39,1287406,.0002365,.0072696,.7191324,286,1209075,-134,280495,-.0004777,-.0002158
"Laundry workers",.0005475,.0011591,-.2341885,400,730600,.0002154,.0012602,-.2642016,200,928580,.0002122,.0012576,-.2946115,236,1112210,.0001623,.0011101,-.2719662,209,1287406,.0002266,.0015663,-.3784834,274,1209075,74,280495,.0002638,.0000112
"Data entry keyers",.0004106,.001083,.3336439,300,730600,.0003662,.0009085,.2054412,340,928580,.000303,.0005763,.0468083,337,1112210,.0002921,.0006644,-.0790153,376,1287406,.000225,.0008133,-.141433,272,1209075,-68,280495,-.0002424,-.0001412
"Taxi cab drivers and chauffeurs",.0005475,.0028011,-.2999757,400,730600,.0005815,.0032452,-.3946207,540,928580,.0002544,.0015644,-.3979693,283,1112210,.0002695,.0015704,-.4423376,347,1287406,.0002233,.0006345,-.5149301,270,1209075,-270,280495,-.0009626,-.0003582
"Secondary school teachers",.0020531,.0015581,-.068573,1500,730600,.0010123,.0011217,-.1079436,940.0001,928580,.0003246,.0005945,-.1659769,361,1112210,.0004777,.0008163,-.1577594,615,1287406,.0002225,.0003506,-.1705055,269,1209075,-671.0001,280495,-.0023922,-.0007898
"Construction inspectors",.0002737,.0119048,.1523212,200,730600,.0001077,.0022361,.0235754,100,928580,.000089,.0016705,.1154571,99,1112210,.0001491,.0026904,.0503935,192,1287406,.0002192,.0032979,.061022,265,1209075,165,280495,.0005882,.0001115
"Drywall installers",0,0,.2408709,0,730600,.0002585,.0030181,.0146594,240,928580,.0001717,.0014827,.0075804,191,1112210,.0001538,.0011538,-.0035794,198,1287406,.0002183,.0017716,-.1143423,264,1209075,24,280495,.0000856,-.0000401
"Misc food prep workers",,,,,,.0002585,.0005011,-.7197915,240,928580,.0003048,.0006296,-.6325235,339,1112210,.0005631,.0012373,-.5531019,725,1287406,.0002167,.0002192,-.4859544,262,1209075,22,280495,.0000784,-.0000418
"Mechanics and repairers, n.e.c.",.0045168,.0035192,.0417839,3300,730600,.0009692,.0018003,.0614369,900,928580,.0006375,.001089,.0389447,709,1112210,.0007604,.0014571,-.0252576,979,1287406,.0002159,.0003415,.0295249,261,1209075,-639,280495,-.0022781,-.0007534
"Other science technicians",0,0,.4088991,0,730600,.0001077,.0014497,-.0673805,100,928580,.0001906,.0030066,-.0701551,212,1112210,.0000256,.0027761,.20046,33,1287406,.0002117,.0122085,.4621867,256,1209075,156,280495,.0005562,.000104
"Guides",,,,,,.0000862,.0034813,-.4350649,80,928580,.0000468,.0014647,-.4293216,52,1112210,.0000893,.0037251,-.5177809,115,1287406,.0002076,.0051601,-.5445694,251,1209075,171,280495,.0006096,.0001214
"Typists",.0001369,.000108,.146237,100,730600,.0004954,.0006921,-.0117011,460,928580,.0002149,.0003963,.0029657,239,1112210,.0000303,.0002143,-.097589,39,1287406,.0002059,.000883,-.0868468,249,1209075,-211,280495,-.0007522,-.0002894
"Bus drivers",.0002737,.0009137,-.3328267,200,730600,.0003446,.0008903,-.3488933,320,928580,.0002383,.0006512,-.2839634,265,1112210,.0004963,.0014224,-.2514565,639,1287406,.0002051,.0004825,-.276108,248,1209075,-72,280495,-.0002567,-.0001395
"Metallurgical and materials engineers, variously phrased",.0002737,.011236,.2492944,200,730600,.0003231,.0126689,.2798542,300,928580,.0002203,.014728,.2510353,245,1112210,.0001274,.0046682,.2429874,164,1287406,.000201,.0058071,.3451387,243,1209075,-57,280495,-.0002032,-.0001221
"Postal clerks, excluding mail carriers",.0001369,.0003467,.100332,100,730600,.0002154,.0007714,.3041113,200,928580,.0001385,.0004562,.3247799,154,1112210,.0001134,.0009149,.264013,146,1287406,.0001968,.0022879,.2902976,238,1209075,37.99998,280495,.0001355,-.0000185
"Gardeners and groundskeepers",.0006844,.0020325,-.3987485,500,730600,.0008185,.0025119,-.4234696,760,928580,.0006842,.0013062,-.4145055,761.0001,1112210,.0009034,.0013958,-.371374,1163,1287406,.0001902,.0001894,-.4538248,230,1209075,-530,280495,-.0018895,-.0006282
"Fire fighting, prevention, and inspection",.0004106,.0017212,.1938704,300,730600,.0003446,.0013906,.1597522,320,928580,.0003525,.0014822,.2746246,392,1112210,.0003464,.0014787,.2995737,446,1287406,.0001836,.0006573,.4162933,222,1209075,-98,280495,-.0003494,-.000161
"Biological technicians",0,0,.0593685,0,730600,.0001292,.0028517,-.0004074,120,928580,.0000773,.0016633,.0457805,86,1112210,.0000753,.0022699,-.0032068,97,1287406,.0001836,.0038714,.2025338,222,1209075,102,280495,.0003636,.0000544
"Masons, tilers, and carpet installers",.0006844,.002124,.0854912,500,730600,.0015077,.0052286,-.0515299,1400,928580,.0009665,.0033927,-.0301196,1075,1112210,.0007876,.0025538,-.0184221,1014,1287406,.0001753,.0007446,-.0526137,212,1209075,-1188,280495,-.0042354,-.0013323
"Billing clerks and related financial records processing",0,0,.1698025,0,730600,.0001723,.0009139,.1309342,160,928580,.0000845,.0004558,.1136883,94,1112210,.0002066,.0007213,.0878537,266,1287406,.000172,.0004489,.0665306,208,1209075,48,280495,.0001711,-2.74e-07
"Waiter's assistant",0,0,-.6884891,0,730600,.0001508,.0008263,-.7041922,140,928580,.0000809,.0003613,-.5623112,90,1112210,.0003969,.0011501,-.5301213,511,1287406,.0001712,.0003318,-.4601584,207,1209075,67,280495,.0002389,.0000204
"Machinery maintenance occupations",.0002737,.0031153,.0963951,200,730600,0,0,.1985985,0,928580,.0000324,.0015682,.2082694,36,1112210,.0000194,.0010389,.1204225,25,1287406,.0001696,.0062384,.1600069,205,1209075,205,280495,.0007309,.0001696
"Public transportation attendants and inspectors",0,0,.1819786,0,730600,.0001077,.001517,.4712527,100,928580,.0000953,.0010437,.2976271,106,1112210,.0001647,.0012843,.1138406,212,1287406,.0001679,.0012084,.0436723,203,1209075,103,280495,.0003672,.0000602
"Small engine repairers",,,,,,.0000215,.000646,-.2227112,20,928580,.0000396,.0008202,-.157885,44,1112210,.000052,.001435,-.2345775,67,1287406,.0001679,.0043964,-.257533,203,1209075,183,280495,.0006524,.0001464
"Respiratory therapists",,,,,,0,0,.1060023,0,928580,.0000189,.0003238,.1936947,21,1112210,.0002198,.0033629,.1518092,283,1287406,.0001629,.0019858,.2715521,197,1209075,197,280495,.0007023,.0001629
"Upholsterers",.0002737,.0030817,-.1419891,200,730600,.0001508,.0023271,-.2596807,140,928580,.0001061,.0017806,-.1766255,118,1112210,.0000722,.0016515,-.1459614,93,1287406,.0001613,.0065377,-.1611533,195,1209075,55,280495,.0001961,.0000105
"Dressmakers and seamstresses",.0002737,.0025157,-.2838245,200,730600,.0000646,.0007039,-.3575321,60,928580,.0000306,.0004195,-.4675678,34,1112210,.0001755,.0024755,-.3840667,226,1287406,.0001588,.0031705,-.4985184,192,1209075,132,280495,.0004706,.0000942
"Technical writers",,,,,,.0003662,.007231,.0859074,340,928580,.0004262,.0065968,.1989411,474,1112210,.0001134,.0021286,.2063578,146,1287406,.0001571,.0035472,.2046876,190,1209075,-150,280495,-.0005348,-.000209
"Messengers",0,0,-.3323045,0,730600,.0001077,.001471,-.3942213,100,928580,.000125,.0011768,-.2237335,139,1112210,.0001818,.001375,-.2373732,234,1287406,.0001522,.0009317,-.1825293,184,1209075,84,280495,.0002995,.0000445
"Broadcast equipment operators",0,0,.0215819,0,730600,.0001938,.0026525,.0533173,180,928580,.0000701,.0024229,-.0267417,78,1112210,.0002975,.0044802,-.0391182,383,1287406,.0001522,.0018334,-.0503252,184,1209075,4,280495,.0000143,-.0000417
"Biological scientists",.0006844,.015873,.0499696,500,730600,.00028,.005765,-.0352043,260,928580,.0001457,.0027093,-.0790226,162,1112210,.0001856,.0029014,-.1296679,239,1287406,.0001489,.0024841,-.0374155,180,1209075,-80,280495,-.0002852,-.0001311
"Repairers of electrical equipment, n.e.c.",,,,,,.0000862,.0026774,.1283866,80,928580,.0001178,.0020377,.2153129,131,1112210,.0000458,.0015397,.3265865,59,1287406,.0001447,.0061613,.2141525,175,1209075,95,280495,.0003387,.0000586
"Occupational therapists",,,,,,0,0,.0836808,0,928580,.0001043,.0031478,.1433775,116,1112210,.0002563,.0044388,.1122992,330,1287406,.0001439,.0013522,.13903,174,1209075,174,280495,.0006203,.0001439
"Wood lathe, routing, and planing machine operators",,,,,,0,0,.0611004,0,928580,0,0,-.0198189,0,1112210,.0003736,.0008351,.0805211,481,1287406,.0001431,.000414,.0429418,173,1209075,173,280495,.0006168,.0001431
"Roofers and slaters",.0005475,.007326,-.0458786,400,730600,.0004523,.0043379,-.1769897,420,928580,.0004352,.0030071,-.2040793,484,1112210,.0004497,.0030112,-.1170535,579,1287406,.0001414,.0008045,-.1527346,171,1209075,-249,280495,-.0008877,-.0003109
"Dispatchers",.0002737,.0032841,.0212813,200,730600,.0001938,.0019595,.1688028,180,928580,.0003749,.0021852,.1375641,417,1112210,.0002843,.0014921,.1372825,366,1287406,.0001406,.000625,.1433307,170,1209075,-10,280495,-.0000357,-.0000532
"Meter readers",0,0,-.0517909,0,730600,.0001077,.0024925,.0078749,100,928580,0,0,.0954606,0,1112210,.0000186,.0005839,-.0052764,24,1287406,.0001406,.0064759,-.0111356,170,1209075,70,280495,.0002496,.0000329
"Optical goods workers",.0004106,.0109091,.1332245,300,730600,.0001938,.0041096,.0640424,180,928580,.0002419,.0038361,.0727066,269,1112210,.0002167,.0058008,.0652569,279,1287406,.0001389,.0031828,.0680123,168,1209075,-12,280495,-.0000428,-.0000549
"Heating, air conditioning, and refigeration mechanics",.0001369,.0008666,.1337427,100,730600,.0003231,.0021793,.0580243,300,928580,.0003659,.0022868,.0784444,407,1112210,.0003985,.0017604,.0934582,513,1287406,.0001373,.0004563,.0876637,166,1209075,-134,280495,-.0004777,-.0001858
"Freight, stock, and materials handlers",.0006844,.0010093,-.0994557,500,730600,.0004954,.0011712,-.0617718,460,928580,.0003902,.0008744,-.1256198,434,1112210,.0000746,.005111,.0261687,96,1287406,.0001356,.0058855,.0283611,164,1209075,-296,280495,-.0010553,-.0003597
"Telecom and line installers and repairers",.0002737,.0006796,.1794901,200,730600,.0003877,.0011517,.3363809,360,928580,.0001951,.0009167,.3309979,217,1112210,.0004435,.0014756,.2531921,571,1287406,.0001348,.0005309,.1907224,163,1209075,-197,280495,-.0007023,-.0002529
"Library assistants",.0001369,.0009251,-.434914,100,730600,.0000646,.0004819,-.5996991,60,928580,0,0,-.6306391,0,1112210,.0000295,.000214,-.6270326,38,1287406,.0001348,.0012112,-.6469038,163,1209075,103,280495,.0003672,.0000702
"Drillers of earth",.0004106,.0058027,.0872719,300,730600,.0001508,.0069034,.0560535,140,928580,.0000387,.0023424,.086536,43,1112210,.0000715,.0034238,.1256204,92,1287406,.0001299,.0061656,.3674793,157,1209075,17,280495,.0000606,-.0000209
"Industrial machinery repairers",,,,,,.0007323,.001485,.1487227,680,928580,.0003075,.0010794,.1752385,342,1112210,.0006206,.0017296,.1826319,799,1287406,.0001274,.0004012,.203624,154,1209075,-526,280495,-.0018753,-.0006049
"Librarians",.0001369,.0008803,-.0923229,100,730600,.0001077,.0005778,-.1688697,100,928580,.0000719,.0004291,-.2991508,80,1112210,.0000746,.0005341,-.2724717,95.99999,1287406,.0001265,.0010178,-.3272588,153,1209075,53,280495,.000189,.0000189
"Miners",.0002737,.0012895,.0678248,200,730600,.0002369,.0026544,.3150906,220,928580,.000071,.0013778,.2848074,79,1112210,.0001072,.0030425,.2881775,138,1287406,.000115,.0021756,.5279683,139,1209075,-81,280495,-.0002888,-.000122
"Bus, truck, and stationary engine mechanics",,,,,,.00028,.0018521,.1488872,260,928580,.0002733,.0011952,.1220597,304,1112210,.0002524,.0011017,.1135599,325,1287406,.000115,.0004676,.1938043,139,1209075,-121,280495,-.0004314,-.000165
"Slicing and cutting machine operators",.0002737,.001221,.0081313,200,730600,.0001723,.000874,-.0151742,160,928580,.0001421,.000964,-.0614984,158,1112210,.0000854,.0010341,-.0896874,110,1287406,.0001117,.0018138,-.2109262,135,1209075,-25,280495,-.0000891,-.0000607
"Butchers and meat cutters",.0002737,.0007707,.0789049,200,730600,.0003231,.0011425,.0770158,300,928580,.0003713,.001646,.0061438,413,1112210,.0003394,.001697,-.0528525,437,1287406,.0001067,.000517,-.0885476,129,1209075,-171,280495,-.0006096,-.0002164
"Mail carriers for postal service",.0006844,.0019771,.0281373,500,730600,.0002585,.0009621,.1783089,240,928580,.0003462,.001212,.2432794,385,1112210,.0002991,.0011074,.1903259,385,1287406,.0001059,.0004109,.2336495,128,1209075,-112,280495,-.0003993,-.0001526
"Repairers of data processing equipment",0,0,.3056959,0,730600,.0000431,.0008814,.275095,40,928580,.0001537,.0019718,.2037321,171,1112210,.000327,.001598,.0088014,421,1287406,.0001059,.0006435,-.0924604,128,1209075,88,280495,.0003137,.0000628
"Helpers, surveyors",.0001369,.0097087,-.1619034,100,730600,.0000646,.0070093,-.1593268,60,928580,.0000459,.0007662,-.346404,51,1112210,.0000474,.0009773,-.2237209,61,1287406,.0001017,.0028353,-.1297147,123,1209075,63,280495,.0002246,.0000371
"Pest control occupations",,,,,,.0002154,.0060459,-.1908917,200,928580,.0001789,.0041973,-.1273156,199,1112210,.0000715,.0016054,-.1479042,92,1287406,.0000976,.0016826,-.1432849,118,1209075,-82,280495,-.0002923,-.0001178
"Therapists, n.e.c.",.0002737,.0027027,.0447286,200,730600,.0000431,.0009852,-.0572738,40,928580,.0001205,.0019453,-.1309559,134,1112210,.0003876,.005197,-.1543712,499,1287406,.0000951,.0006285,-.1232159,115,1209075,75,280495,.0002674,.000052
"Kitchen workers",.0002737,.0005229,-.5795167,200,730600,.0000862,.0009968,-.4184678,80,928580,.000125,.0008243,-.3775586,139,1112210,.000202,.0010357,-.389822,260,1287406,.0000951,.0003392,-.3562775,115,1209075,35,280495,.0001248,8.96e-06
"Crane, derrick, winch, and hoist operators",.0001369,.0006873,.2466252,100,730600,.0002585,.0016358,.3229567,240,928580,.0000701,.0008171,.2467362,78,1112210,.0000381,.0006164,.2542819,49,1287406,.0000926,.0015666,.3678172,112,1209075,-128,280495,-.0004563,-.0001658
"Drafters",.0004106,.0010665,.1641964,300,730600,.0006031,.0017803,.0675644,560,928580,.0006051,.002206,.1083827,673,1112210,.0001717,.001032,.0793505,221,1287406,.000091,.0007416,.0629813,110,1209075,-450,280495,-.0016043,-.0005121
"Kindergarten and earlier school teachers",0,0,-.4351309,0,730600,.0001077,.0005795,-.5784164,100,928580,.0001178,.0005208,-.676825,131,1112210,.0003759,.0011517,-.4601381,484,1287406,.0000852,.0001831,-.3816732,103,1209075,2.999992,280495,.0000107,-.0000225
"Textile sewing machine operators",.0005475,.0004847,.0527444,400,730600,.0007323,.0008584,-.0711786,680,928580,.0002922,.0004736,-.1182481,325,1112210,.0004171,.0013072,-.1746467,537,1287406,.0000852,.0005879,-.2817739,103,1209075,-577,280495,-.0020571,-.0006471
"Water and sewage treatment plant operators",,,,,,0,0,.0086074,0,928580,.0000207,.0003957,.0660031,23,1112210,.0000645,.0011795,.0630537,83,1287406,.0000852,.0012835,.1805931,103,1209075,103,280495,.0003672,.0000852
"Repairers of household appliances and power tools",.0001369,.0008803,-.0265621,100,730600,.0001938,.0023847,-.0692485,180,928580,.000089,.0020831,-.0527514,99,1112210,.0000598,.0015746,-.1226576,77,1287406,.0000786,.0026709,-.0716315,95,1209075,-85,280495,-.000303,-.0001153
"Glaziers",.0001369,.0042194,.0794999,99.99999,730600,.0000862,.002672,.0779083,80,928580,.0001223,.0031452,.075311,136,1112210,6.21e-06,.0001827,.0495702,8,1287406,.0000736,.0023399,.1067881,89,1209075,9,280495,.0000321,-.0000125
"Mixing and blending machine operatives",0,0,-.0066686,0,730600,.0001508,.001359,.0441851,140,928580,.0000836,.0009013,.0782411,93,1112210,.0001095,.0013645,.0482087,141,1287406,.000072,.0009597,.0362734,87,1209075,-53,280495,-.000189,-.0000788
"Archivists and curators",0,0,-.2747776,0,730600,.0001292,.0084866,-.1074675,120,928580,.0001528,.0067343,-.226967,170,1112210,.0000598,.0023781,-.2830374,77,1287406,.0000703,.002042,-.2611535,85,1209075,-35.00001,280495,-.0001248,-.0000589
"Supervisors of personal service jobs, n.e.c.",,,,,,.0001938,.0065982,.0130965,180,928580,.0000926,.0017367,-.1698543,103,1112210,.0005064,.0062163,.0063192,652,1287406,.0000686,.0010373,-.0355347,83.00001,1209075,-96.99999,280495,-.0003458,-.0001252
"Programmers of numerically controlled machine tools",0,0,.3102427,0,730600,.0000215,.002331,.2548487,20,928580,0,0,.3629043,0,1112210,.0000831,.0024957,.2092772,107,1287406,.0000662,.0008788,.162994,80,1209075,60,280495,.0002139,.0000446
"Machinists",.0005475,.0011176,.1514729,400,730600,.0008615,.0016229,.1437864,800,928580,.0005278,.0010949,.1885497,587,1112210,.0004839,.0013333,.1286581,623,1287406,.0000629,.0002277,.1566096,76,1209075,-724,280495,-.0025812,-.0007987
"Supervisors of guards",,,,,,0,0,.03874,0,928580,.0002005,.0053314,.0501604,223,1112210,.0002757,.0042563,.1042072,355,1287406,.0000629,.0011091,.1322356,76,1209075,76,280495,.0002709,.0000629
"Separating, filtering, and clarifying machine operators",,,,,,.0000431,.0005828,.2360246,40,928580,.0001457,.0024506,.2806504,162,1112210,.0001491,.0028687,.2516155,192,1287406,.000062,.0014313,.1351984,75,1209075,35,280495,.0001248,.000019
"Urban and regional planners",.0005475,.0519481,.0142951,400,730600,.0000862,.0067797,.0602458,80,928580,.0000486,.0030359,.0461171,54,1112210,.0000777,.0045161,.041969,100,1287406,.0000595,.0034162,.143419,72,1209075,-8,280495,-.0000285,-.0000266
"Baggage porters",0,0,-.400482,0,730600,.0000215,.0011442,-.4359044,20,928580,.0000108,.0003455,-.3238356,12,1112210,0,0,-.2713202,0,1287406,.0000579,.0009181,-.2431617,70,1209075,50,280495,.0001783,.0000364
"Bakers",0,0,-.0636968,0,730600,.0002154,.0019436,-.1545031,200,928580,.0001618,.0012834,-.133382,180,1112210,.0001662,.0013677,-.2420246,214,1287406,.0000554,.0002957,-.2861812,67,1209075,-133,280495,-.0004742,-.00016
"Packers and packagers by hand",0,0,.028519,0,730600,.0003662,.0006646,-.0134141,340,928580,.0001205,.000454,-.1052811,134,1112210,.0003231,.0012133,-.2082078,416,1287406,.0000546,.000144,-.2486203,66,1209075,-274,280495,-.0009768,-.0003116
"Air traffic controllers",.0002737,.0081633,.3974051,200,730600,.0002585,.0061665,.401151,240,928580,.0000593,.0014783,.3586495,66,1112210,.0001406,.0049556,.5360947,181,1287406,.0000538,.0018009,.6871432,65,1209075,-175,280495,-.0006239,-.0002047
"Door-to-door sales, street sales, and news vendors",.0002737,.0013879,-.9267995,200,730600,.0006246,.0023415,-.7817879,580,928580,.0004981,.0020257,-.5341721,554,1112210,.0002657,.002172,-.6410958,342,1287406,.0000529,.0004759,-.786085,64,1209075,-516,280495,-.0018396,-.0005717
"Construction trades, n.e.c.",.0002737,.009434,.0024764,200,730600,.0003662,.0028419,-.0829827,340,928580,.0002437,.0017744,-.0717078,271,1112210,.0000194,.0004475,-.080241,25,1287406,.0000529,.0006906,-.0847182,64,1209075,-276,280495,-.000984,-.0003132
"Personal service occupations, nec",.0019162,.0016136,-.349634,1400,730600,.0003662,.0023001,-.4272429,340,928580,.0000495,.0003005,-.436106,55,1112210,.0001429,.0007614,-.4098032,184,1287406,.0000521,.0001135,-.4186801,63,1209075,-277,280495,-.0009875,-.000314
"Garbage and recyclable material collectors",.0001369,.001548,-.1166125,100,730600,.0002154,.0030722,-.2397943,200,928580,.0000998,.0021174,-.1154577,111,1112210,.0000575,.0009555,-.2027446,74,1287406,.0000513,.000655,-.3114709,62,1209075,-138,280495,-.000492,-.0001641
"Records clerks",,,,,,.0002154,.0016353,.0662968,200,928580,.0004298,.0037175,.0591851,478,1112210,.000289,.0046955,-.0245612,372,1287406,.0000513,.0006948,-.0487732,62,1209075,-138,280495,-.000492,-.0001641
"Precision makers, repairers, and smiths",.0001369,.0026954,-.0740644,100,730600,.0001508,.0021053,-.1552557,140,928580,.0001493,.0020472,-.1790428,166,1112210,.0000777,.0009006,-.0860511,100,1287406,.000048,.000583,-.096486,58,1209075,-82,280495,-.0002923,-.0001028
"Structural metal workers",.0001369,.0013986,.2886204,100,730600,.0000646,.0007955,.2062495,60,928580,.0001223,.0022085,.1837159,136,1112210,.0001554,.0019048,.1514971,200,1287406,.0000438,.0006169,.1951818,53,1209075,-7,280495,-.000025,-.0000208
"Vehicle washers and equipment cleaners",.0001369,.0010428,-.2998996,100,730600,.0001723,.0014903,-.271765,160,928580,.0001277,.0007874,-.3414418,142,1112210,.0003301,.0014627,-.3065467,425,1287406,.0000438,.0001541,-.3051533,53,1209075,-107,280495,-.0003815,-.0001285
"Transportation ticket and reservation agents",.0006844,.0052466,.2988161,500,730600,.0001292,.0012262,.3108653,120,928580,.00049,.0021592,.1036415,545,1112210,.0006734,.0027617,.0005379,867,1287406,.000043,.0002756,-.0505766,52,1209075,-68,280495,-.0002424,-.0000862
"Photographic process workers",0,0,.0303432,0,730600,.0001077,.0012456,-.0674151,100,928580,.0001475,.0018229,-.1317771,164,1112210,.0002159,.0035723,-.1163894,278,1287406,.0000414,.0018532,-.0056763,50,1209075,-50,280495,-.0001783,-.0000663
"Garage and service station related occupations",.0001369,.0003207,-.3543874,100,730600,.0004092,.0016412,-.3797114,380,928580,.0001897,.0010087,-.2918923,211,1112210,.0001103,.0014686,-.3256506,142,1287406,.0000414,.00055,-.313005,50,1209075,-330,280495,-.0011765,-.0003679
"Telephone operators",.0004106,.000775,.2191023,300,730600,.0003662,.0009828,.2050287,340,928580,.0000764,.0003971,.1213544,85,1112210,.0001414,.0012605,.0022276,182,1287406,.0000405,.0008174,-.0598866,49,1209075,-291,280495,-.0010375,-.0003256
"Shipping and receiving clerks",.0006844,.0012681,-.0301559,500,730600,.0008615,.001285,.0293377,800,928580,.0009594,.0013645,.0506692,1067,1112210,.0007084,.0014399,-.0708233,912,1287406,.0000389,.0000763,-.1022813,47,1209075,-753,280495,-.0026845,-.0008227
"Foresters and conservation scientists",.0001369,.0023419,-.1374411,99.99999,730600,.0001508,.0043832,-.0766337,140,928580,.0001834,.0062661,-.0786676,204,1112210,.0000979,.00461,-.0575106,126,1287406,.000038,.0024161,-.1547162,46,1209075,-94,280495,-.0003351,-.0001127
"Other plant and system operators",,,,,,.00028,.0053191,.2490347,260,928580,.000089,.0019367,.2750776,99,1112210,.0000249,.0007674,.2982529,32,1287406,.0000364,.0009695,.3837864,44,1209075,-216,280495,-.0007701,-.0002436
"Crossing guards and bridge tenders",0,0,-.7515173,0,730600,0,0,-1.01802,0,928580,0,0,-.9537118,0,1112210,.0000326,.0012559,-.8659686,42,1287406,.0000364,.0009247,-.7545182,44,1209075,44,280495,.0001569,.0000364
"Special education teachers",,,,,,.0000646,.0019881,-.1808824,60,928580,.000053,.0010096,-.1473867,59,1112210,.0000917,.0006784,-.0959125,118,1287406,.0000331,.0001587,-.1236179,40,1209075,-20,280495,-.0000713,-.0000315
"Packers, fillers, and wrappers",0,0,-.0027821,0,730600,.0000862,.0008304,.060101,80,928580,.0000998,.0004807,-.017771,111,1112210,.0004202,.001999,-.0546168,541,1287406,.0000314,.0001501,-.0611214,38,1209075,-42,280495,-.0001497,-.0000547
"Excavating and loading machine operators",,,,,,.0005815,.0076078,.1642168,540,928580,.0007445,.0095759,.1320381,827.9999,1112210,.0001157,.0027626,.0751719,149,1287406,9.92e-06,.0003657,.0565679,12,1209075,-528,280495,-.0018824,-.0005716
"Bookbinders",0,0,.1354551,0,730600,.0000431,.0014782,.0573428,40,928580,0,0,.072958,0,1112210,.00008,.0023111,-.0229265,103,1287406,0,0,-.2212584,0,1209075,-40,280495,-.0001426,-.0000431
"Helpers, constructions",,,,,,.0001292,.0013532,-.2610002,120,928580,.0000548,.0034669,-.2761877,61,1112210,0,0,-.2609321,0,1287406,0,0,-.174485,0,1209075,-120,280495,-.0004278,-.0001292
"Batch food makers",,,,,,0,0,-.0955454,0,928580,0,0,-.1044072,0,1112210,.0000777,.0014489,-.0726596,100,1287406,0,0,-.2132806,0,1209075,0,280495,0,0
"Machine feeders and offbearers",,,,,,.0001938,.001833,.0411984,180,928580,.0000647,.0009538,-.0382946,72,1112210,.0000847,.0021744,-.0545764,109,1287406,0,0,-.2015024,0,1209075,-180,280495,-.0006417,-.0001938
"Cementing and gluing maching operators",,,,,,.0000431,.0012571,.0344132,40,928580,8.99e-06,.0003564,-.0133784,10,1112210,0,0,.0112998,0,1287406,0,0,.0664127,0,1209075,-40,280495,-.0001426,-.0000431
"Paper folding machine operators",,,,,,.0000215,.0006831,-.0573003,20,928580,0,0,.0536214,0,1112210,.0000365,.0010788,.1275467,47,1287406,0,0,.0226189,0,1209075,-20,280495,-.0000713,-.0000215
"Social scientists, n.e.c.",.0001369,.005618,-.0578191,100,730600,.0000862,.0063391,-.1875103,80,928580,.0001421,.0083413,-.1731761,158,1112210,.000115,.0042093,-.2211818,148,1287406,0,0,-.1474649,0,1209075,-80,280495,-.0002852,-.0000862
"Locksmiths and safe repairers",,,,,,.0000646,.0035294,-.1203973,60,928580,.000125,.00579,-.0025897,139,1112210,3.11e-06,.0001458,-.0558232,4,1287406,0,0,-.1136967,0,1209075,-60,280495,-.0002139,-.0000646
"Roasting and baking machine operators (food)",,,,,,0,0,.1011961,0,928580,0,0,.0921916,0,1112210,0,0,-.1029621,0,1287406,0,0,.0131536,0,1209075,0,280495,0,0
"Molders, and casting machine operators",.0002737,.0037523,.1257984,200,730600,.0002369,.0016063,.1157703,220,928580,.0000764,.0010439,.1276365,85.00001,1112210,.0001188,.0016988,.0763649,153,1287406,0,0,.0223579,0,1209075,-220,280495,-.0007843,-.0002369
"Insulation workers",0,0,.2504632,0,730600,.0001938,.0038478,.0808723,180,928580,.0000126,.0002182,.0691174,14,1112210,.000087,.0019531,.0554358,112,1287406,0,0,.1215873,0,1209075,-180,280495,-.0006417,-.0001938
"Inspectors of agricultural products",,,,,,0,0,-.4107451,0,928580,.0000378,.0106195,-.0795792,42,1112210,.0000233,.0027627,-.0509314,30,1287406,0,0,.0827002,0,1209075,0,280495,0,0
"Animal caretakers except on farms",0,0,-.3366654,0,730600,.0001077,.0017159,-.3793536,100,928580,.0001241,.0014878,-.3548164,138,1112210,.0000489,.0006091,-.3372981,63,1287406,0,0,-.3138527,0,1209075,-100,280495,-.0003565,-.0001077
"Computer and peripheral equipment operators",.0002737,.0016207,.2063949,200,730600,.0006246,.0013114,.1995227,580,928580,.0007903,.0013301,.1524291,879,1112210,.0004148,.0021086,.0564838,534,1287406,0,0,-.0539041,0,1209075,-580,280495,-.0020678,-.0006246
"Other woodworking machine operators",,,,,,0,0,-.1669582,0,928580,.0000423,.0012779,-.2363197,47,1112210,.000087,.0031517,-.2662934,112,1287406,0,0,-.2773148,0,1209075,0,280495,0,0
"Railroad conductors and yardmasters",0,0,.2789566,0,730600,.0000646,.0013417,.461948,60,928580,.0000378,.0011743,.4936036,42,1112210,.0000606,.0016993,.4229883,78,1287406,0,0,.5053642,0,1209075,-60,280495,-.0002139,-.0000646
"Concrete and cement workers",.0005475,.0060241,.0564332,400,730600,.0002369,.0039812,-.0107805,220,928580,.0001061,.0018825,-.0576322,118,1112210,.0002058,.0033181,-.0106943,265,1287406,0,0,.0122243,0,1209075,-220,280495,-.0007843,-.0002369
"Forge and hammer operators",0,0,.1964998,0,730600,.0000431,.0029326,.2410651,40,928580,.0000234,.0015622,.2121675,26,1112210,.0000629,.0062932,.2039642,81,1287406,0,0,.1886167,0,1209075,-40,280495,-.0001426,-.0000431
"Graders and sorters of agricultural products",,,,,,.0000215,.0013889,-.4348612,20,928580,0,0,-.4129199,0,1112210,.0001414,.0059347,-.2878868,182,1287406,0,0,-.2388232,0,1209075,-20,280495,-.0000713,-.0000215
"Chemical technicians",.0001369,.0017007,.0826178,100,730600,.0001077,.0014434,.1527583,100,928580,.0000908,.0013732,.2332268,101,1112210,.0001919,.0029295,.175635,247,1287406,0,0,.2458571,0,1209075,-100,280495,-.0003565,-.0001077
"Mail clerks, outside of post office",,,,,,.0001723,.0010288,-.189801,160,928580,.0001115,.00068,-.2074352,124,1112210,.0002268,.0020041,-.2333056,292,1287406,0,0,-.2341813,0,1209075,-160,280495,-.0005704,-.0001723
"Timber, logging, and forestry workers",.0005475,.0043956,-.2700128,400,730600,.0008615,.0068131,-.2738307,800,928580,.0005601,.0050033,-.2366631,623,1112210,.0004466,.0036868,-.1195656,575,1287406,0,0,-.0772251,0,1209075,-800,280495,-.0028521,-.0008615
"Power plant operators",.0001369,.0052632,.2265262,100,730600,.0000431,.0014848,.2968633,40,928580,.0000135,.0004006,.4361425,15,1112210,.0001367,.0042537,.435086,176,1287406,0,0,.6997537,0,1209075,-40,280495,-.0001426,-.0000431
"Knitters, loopers, and toppers textile operatives",0,0,.112389,0,730600,.0001292,.0018276,.1026851,120,928580,.0000486,.0009929,.0714524,54,1112210,.0000194,.0006963,.055876,25,1287406,0,0,-.2106407,0,1209075,-120,280495,-.0004278,-.0001292
"Shoe repairers",.0002737,.008,-.1216095,200,730600,.0000646,.0024058,-.2468122,60,928580,.0000701,.0031524,-.24407,78,1112210,.0000396,.0034397,-.3101963,51,1287406,0,0,-.2604586,0,1209075,-60,280495,-.0002139,-.0000646
"Tool and die makers and die setters",.0008212,.0030753,.2943932,600,730600,.0006031,.0030221,.273897,560,928580,.0002715,.0021845,.3449511,302,1112210,.0001266,.0014331,.316026,163,1287406,0,0,.2558258,0,1209075,-560,280495,-.0019965,-.0006031
"Furniture and wood finishers",.0001369,.0047619,-.0692685,100,730600,.0000862,.0029564,-.2679854,80,928580,.0000261,.0009539,-.2262821,29,1112210,3.88e-06,.0001926,-.2708122,5,1287406,0,0,-.1495235,0,1209075,-80,280495,-.0002852,-.0000862
"Auto body repairers",.0001369,.001006,.0400241,100,730600,.0005385,.0027198,-.033263,500,928580,.000321,.0017234,-.0290944,357,1112210,.0002237,.0015375,-.0001311,288,1287406,0,0,.0249194,0,1209075,-500,280495,-.0017826,-.0005385
"Recreation workers",0,0,-.3258074,0,730600,.0000431,.0012587,-.3245012,40,928580,.0000872,.0022983,-.363651,97,1112210,.0002423,.0013587,-.4388297,312,1287406,0,0,-.5894449,0,1209075,-40,280495,-.0001426,-.0000431
"Repairers of mechanical controls and valves",,,,,,.0000862,.0029155,.0763943,80,928580,.0000935,.0054622,.2081611,104,1112210,2.33e-06,.0001366,.1372885,3,1287406,0,0,.3843782,0,1209075,-80,280495,-.0002852,-.0000862
"Agricultural and food scientists",.0001369,.0079365,-.1165032,100,730600,.0002154,.008547,-.0799776,200,928580,.0001564,.0055172,-.1724047,174,1112210,.0001227,.0057488,-.1653903,158,1287406,0,0,-.0964945,0,1209075,-200,280495,-.000713,-.0002154
"Punching and stamping press operatives",.0001369,.0006165,.1710777,100,730600,.0001508,.0009494,.1523799,140,928580,.0000935,.0010513,.1488995,104,1112210,.0001134,.0010908,.0231038,146,1287406,0,0,.0389616,0,1209075,-140,280495,-.0004991,-.0001508
"Other telecom operators",0,0,.1296378,0,730600,.0000215,.0012453,-.0102163,20,928580,0,0,.0477494,0,1112210,.0000334,.0035414,.1380805,43,1287406,0,0,.2811341,0,1209075,-20,280495,-.0000713,-.0000215
"Proofreaders",0,0,.0644878,0,730600,.0000215,.0007776,-.1401795,20,928580,.0000324,.0013499,-.2114511,36,1112210,0,0,-.2912705,0,1287406,0,0,-.5855091,0,1209075,-20,280495,-.0000713,-.0000215
"Ushers",0,0,-.5912625,0,730600,0,0,-.7065762,0,928580,0,0,-.6787246,0,1112210,.0000256,.0008895,-.5147232,33,1287406,0,0,-.7271414,0,1209075,0,280495,0,0
"Payroll and timekeeping clerks",0,0,.2230804,0,730600,.0001723,.0010336,.2169387,160,928580,.0001286,.0008423,.1863561,143,1112210,.0001794,.0011525,.1667869,231,1287406,0,0,.1860603,0,1209075,-160,280495,-.0005704,-.0001723
"Misc material moving occupations",.0009581,.0040745,-.1433104,700,730600,.0006246,.0026711,.1237504,580,928580,.0003983,.0041979,.1120618,443,1112210,.0000287,.0020006,.1423811,37,1287406,0,0,.4132033,0,1209075,-580,280495,-.0020678,-.0006246
"Plasterers",.0002737,.0074074,.0567281,200,730600,.0001508,.0055777,-.0401979,140,928580,.0000701,.0021325,.0441827,78,1112210,.0000854,.0028425,-.0374048,110,1287406,0,0,-.1369216,0,1209075,-140,280495,-.0004991,-.0001508
"Engravers",0,0,.0176088,0,730600,.0000646,.0046083,-.1056714,60,928580,.0001178,.0083647,-.0290752,131,1112210,0,0,-.0903857,0,1287406,0,0,-.4479502,0,1209075,-60,280495,-.0002139,-.0000646
"Elevator operators",0,0,-.2249792,0,730600,.0000431,.0023613,-.1652891,40,928580,5.39e-06,.000663,-.0096569,6,1112210,.0001282,.002437,.0568466,165,1287406,0,0,-.015401,0,1209075,-40,280495,-.0001426,-.0000431
"Elevator installers and repairers",,,,,,.0000431,.0020325,.3452665,40,928580,.0000423,.0019247,.4696579,47,1112210,.0000536,.0025457,.4496455,69,1287406,0,0,.5335821,0,1209075,-40,280495,-.0001426,-.0000431
"Sheet metal duct installers",,,,,,.0000215,.0008123,.1297925,20,928580,.0000198,.0008413,.1295712,22,1112210,.0002307,.001961,.1229699,297,1287406,0,0,.131217,0,1209075,-20,280495,-.0000713,-.0000215
"Bill and account collectors",.0002737,.0039761,-.0559383,200,730600,.0001077,.0012623,.0206265,100,928580,.0001717,.0012738,.0853796,191,1112210,.000195,.0012225,.1216685,251,1287406,0,0,.0945852,0,1209075,-100,280495,-.0003565,-.0001077
"Dancers",0,0,.2074388,0,730600,.0000862,.0071048,-.0577177,80,928580,0,0,-.088615,0,1112210,.0000241,.0013296,.2445746,31,1287406,0,0,.163159,0,1209075,-80,280495,-.0002852,-.0000862
"Production helpers",,,,,,.0001077,.0010146,-.0525474,100,928580,0,0,-.1510803,0,1112210,.0000505,.0014102,-.2210393,65,1287406,0,0,-.2691876,0,1209075,-100,280495,-.0003565,-.0001077
"Weighers, measurers, and checkers",.0001369,.0028169,.0224864,100,730600,.0000646,.0008708,.0317089,60,928580,.0001699,.0027171,-.0344576,189,1112210,.0000303,.0005391,-.0218137,39,1287406,0,0,-.0475652,0,1209075,-60,280495,-.0002139,-.0000646
"Winding and twisting textile/apparel operatives",.0001369,.0004762,.1418582,100,730600,.0001508,.0014173,.1536139,140,928580,.0000468,.00082,.1860734,52,1112210,.0000715,.002418,.0690993,92,1287406,0,0,.0144927,0,1209075,-140,280495,-.0004991,-.0001508
"Typesetters and compositors",0,0,.0972392,0,730600,.0000646,.0009025,.090103,60,928580,.0001187,.0019089,.0465014,132,1112210,.0003014,.00144,.0521576,388,1287406,0,0,-.0935282,0,1209075,-60,280495,-.0002139,-.0000646
"Motion picture projectionists",.0002737,.015748,-.0254481,200,730600,.0000431,.0034783,-.2926267,40,928580,.0000611,.007907,-.1376913,68,1112210,0,0,-.3558266,0,1287406,0,0,-.9611593,0,1209075,-40,280495,-.0001426,-.0000431
"Pressing machine operators (clothing)",,,,,,.0000431,.0004401,-.2217472,40,928580,.0001421,.001251,-.147682,158,1112210,.0000948,.001512,-.225664,122,1287406,0,0,-.3402763,0,1209075,-40,280495,-.0001426,-.0000431
"Purchasing agents and buyers, of farm products",.0006844,.027933,.0806044,500,730600,.0005815,.0313589,.0942675,540,928580,.0003021,.0225141,.1273685,336,1112210,.0001818,.0196095,.1539962,234,1287406,0,0,.0617316,0,1209075,-540,280495,-.0019252,-.0005815
"Human resources clerks, except payroll and timekeeping",.0049275,.0126139,.2679902,3600,730600,.0000431,.0005511,.1890727,40,928580,.0001663,.0024317,.1677139,185,1112210,.0000155,.0003917,.0894619,20,1287406,0,0,.1281676,0,1209075,-40,280495,-.0001426,-.0000431
"Locomotive operators (engineers and firemen)",.0001369,.0015152,.2875509,100,730600,.0002369,.0027597,.4485608,220,928580,.0000135,.0003075,.444342,15,1112210,.0000629,.0013745,.4022881,81,1287406,0,0,.5234628,0,1209075,-220,280495,-.0007843,-.0002369
"Mail and paper handlers",.0001369,.0008889,-.1199379,100,730600,0,0,-.1153803,0,928580,0,0,-.1106093,0,1112210,.0001453,.0015308,.2642128,187,1287406,0,0,.1959983,0,1209075,0,280495,0,0
"Health record tech specialists",0,0,.1259314,0,730600,.0000215,.0013908,.2025658,20,928580,.0000378,.0007947,.0522628,42,1112210,.0001491,.0020571,-.0015983,192,1287406,0,0,.141283,0,1209075,-20,280495,-.0000713,-.0000215
"Sales demonstrators / promoters / models",.0002737,.0053191,-.8585425,200,730600,.0000646,.0057361,-.7585265,60,928580,.000169,.0058741,-.7388396,188,1112210,.0001818,.0061998,-.4920727,234,1287406,0,0,-.6405067,0,1209075,-60,280495,-.0002139,-.0000646
"Repairers of industrial electrical equipment ",.0006844,.0039526,-.0689969,500,730600,.00028,.0016863,-.0744153,260,928580,.0002392,.0016214,.0428492,266,1112210,.0000287,.0006108,-.0763921,37,1287406,0,0,.068014,0,1209075,-260,280495,-.0009269,-.00028
"Boilermakers",.0001369,.0037037,.231783,100,730600,.0000646,.0018248,.3013216,60,928580,.0000324,.0017141,.1881365,36,1112210,.0000474,.0034493,.2000872,61,1287406,0,0,.5567526,0,1209075,-60,280495,-.0002139,-.0000646
"Fishers, hunters, and kindred",.0001369,.0040816,-.3080788,99.99999,730600,.0010554,.0207451,-.1678995,980.0001,928580,.0004424,.0107654,-.189879,492,1112210,.0001181,.0035255,-.2325351,152,1287406,0,0,-.1340767,0,1209075,-980.0001,280495,-.0034938,-.0010554
"Painting machine operators",0,0,.0696817,0,730600,.0003446,.0021695,.0327729,320,928580,.0001807,.0016028,.0566643,201,1112210,.0001546,.0011693,.0232692,199,1287406,0,0,.017396,0,1209075,-320,280495,-.0011408,-.0003446
"Misc textile machine operators",0,0,.0378722,0,730600,.0001723,.0011949,-.018241,160,928580,.0001115,.0014739,-.0087587,124,1112210,.0000171,.000376,-.0298559,22,1287406,0,0,-.047202,0,1209075,-160,280495,-.0005704,-.0001723
"Hotel clerks",,,,,,.0000431,.0007249,-.2652323,40,928580,.0000755,.0009996,-.2069206,84.00001,1112210,.000052,.0006352,-.2371404,67,1287406,0,0,-.2417213,0,1209075,-40,280495,-.0001426,-.0000431
"Protective services, n.e.c.",,,,,,0,0,-.5600138,0,928580,.0000252,.0007421,-.5460197,28,1112210,.0000326,.0006242,-.4565994,42,1287406,0,0,-.4705621,0,1209075,0,280495,0,0
"Furnace, kiln, and oven operators, apart from food",.0001369,.0006305,.1123209,100,730600,.0000215,.0001425,.1890939,20,928580,.0000495,.0006154,.2042657,55,1112210,.0000668,.00162,.1142759,86,1287406,0,0,.111901,0,1209075,-20,280495,-.0000713,-.0000215
"Office machine operators, n.e.c.",0,0,.0840161,0,730600,.0000215,.0006609,-.0849443,20,928580,.0000504,.0018401,-.0834393,56,1112210,.000108,.0023694,-.1732891,139,1287406,0,0,-.2360298,0,1209075,-20,280495,-.0000713,-.0000215
"Explosives workers",0,0,.0321124,0,730600,.0000215,.0021368,.1522652,20,928580,.0000342,.0045745,.1262,38,1112210,.0000419,.0062725,.1138853,54,1287406,0,0,.3908666,0,1209075,-20,280495,-.0000713,-.0000215
"Hand molders and shapers, except jewelers ",.0001369,.0131579,.037644,100,730600,.0000646,.0006764,-.0521755,60,928580,.0001753,.0018114,-.0645788,195,1112210,.0000482,.0018133,-.1876166,62,1287406,0,0,-.1914926,0,1209075,-60,280495,-.0002139,-.0000646
"Plant and system operators, stationary engineers ",.0001369,.0005984,.1678168,99.99999,730600,.0006892,.0051143,.2224846,640,928580,.0004028,.0029474,.2799985,448,1112210,.0002128,.0029109,.2188906,274,1287406,0,0,.2775692,0,1209075,-640,280495,-.0022817,-.0006892
"Extruding and forming machine operators",,,,,,.0000862,.0018665,.0732497,80,928580,.000045,.0010908,.0826379,50,1112210,.0000816,.0017653,.0749264,105,1287406,0,0,.1134058,0,1209075,-80,280495,-.0002852,-.0000862
"Nail and tacking machine operators  (woodworking)",,,,,,0,0,-.2685712,0,928580,.0000153,.0058722,-.2601208,17,1112210,.0000365,.0010468,-.0765687,47,1287406,0,0,-.1665344,0,1209075,0,280495,0,0
"Rollers, roll hands, and finishers of metal",0,0,.341641,0,730600,.0000215,.0011173,.3566872,20,928580,.000027,.0024956,.2798629,30,1112210,.0000722,.0059126,.1366747,93,1287406,0,0,.3355295,0,1209075,-20,280495,-.0000713,-.0000215
"Textile cutting machine operators",,,,,,0,0,-.0790146,0,928580,0,0,-.0986851,0,1112210,.0000357,.0028748,-.1691137,46,1287406,0,0,-.1670356,0,1209075,0,280495,0,0
"Eligibility clerks for government programs; social welfare",,,,,,0,0,.1051924,0,928580,0,0,.047306,0,1112210,.0000163,.0003456,.1582263,21,1287406,0,0,.1338461,0,1209075,0,280495,0,0
"Cabinetmakers and bench carpenters",.0001369,.0016474,-.0428023,100,730600,.0003015,.0041359,-.1496028,280,928580,.0001124,.0018965,-.0813151,125,1112210,.0000513,.0008236,-.1359372,66,1287406,0,0,-.1320816,0,1209075,-280,280495,-.0009982,-.0003015
"File clerks",.0002737,.000591,.0275416,200,730600,.0002585,.0009695,-.0959548,240,928580,.0001493,.0007623,-.2336733,166,1112210,.0002245,.0010196,-.2125099,289,1287406,0,0,-.2031252,0,1209075,-240,280495,-.0008556,-.0002585
"Paving, surfacing, and tamping equipment operators",.0004106,.0034052,.0437689,300,730600,.0003446,.0046216,.0440196,320,928580,.0003066,.0054179,.0309523,341,1112210,.0000357,.0036178,.0190657,46,1287406,0,0,.0860376,0,1209075,-320,280495,-.0011408,-.0003446
"Millwrights",0,0,.2904216,0,730600,.0001938,.0014601,.3423242,180,928580,.0001295,.0016368,.3120911,144,1112210,.0001779,.0031618,.3366505,229,1287406,0,0,.4109948,0,1209075,-180,280495,-.0006417,-.0001938
"Barbers",.0009581,.0045992,-.1709039,700,730600,.0003877,.0041171,-.2965654,360,928580,.0000611,.0009913,-.3329218,68,1112210,.0000163,.0002773,-.3861845,21,1287406,0,0,-.4996508,0,1209075,-360,280495,-.0012834,-.0003877
"Sawing machine operators and sawyers",.0001369,.0010953,-.1840512,100,730600,.0001508,.0015859,-.1719777,140,928580,.0000584,.0007892,-.155433,65,1112210,.0000839,.0017553,-.1613146,108,1287406,0,0,-.1918436,0,1209075,-140,280495,-.0004991,-.0001508
"Atmospheric and space scientists",.0001369,.0196078,.0890621,100,730600,.0000215,.0024155,.0840132,20,928580,.0000198,.0026506,.1116095,22,1112210,.0000598,.0083568,.0898237,77.00001,1287406,0,0,.2000334,0,1209075,-20,280495,-.0000713,-.0000215
"Aircraft mechanics",.0001369,.0007112,.1922903,100,730600,.0001723,.0014964,.2188049,160,928580,.000134,.0009148,.2582319,149,1112210,.0001181,.0008678,.2532827,152,1287406,0,0,.3612601,0,1209075,-160,280495,-.0005704,-.0001723
"Statistical clerks",.0004106,.0012953,.2016311,300,730600,.0000431,.0003013,.1370233,40,928580,.000285,.0023077,.0777956,317,1112210,.0000163,.0006847,.1163937,21,1287406,0,0,.1860932,0,1209075,-40,280495,-.0001426,-.0000431
"Washing, cleaning, and pickling machine operators",,,,,,0,0,.1287668,0,928580,0,0,.0163681,0,1112210,0,0,-.0585156,0,1287406,,,,,,,,,
"Materials movers: stevedores and longshore workers",.0001369,.0022624,.0850334,100,730600,.0000646,.0026155,.2356979,60,928580,.0001421,.0117402,.3088766,158,1112210,,,,,,,,,,,,,,
"Heat treating equipment operators",0,0,.2016637,0,730600,0,0,.2647438,0,928580,.0000162,.0010439,.2153937,18,1112210,0,0,.2053562,0,1287406,,,,,,,,,
"Theology instructors",0,0,-.2501206,0,730600,.0000215,.0059524,-.3371613,20,928580,.0000252,.0120586,-.5170847,28,1112210,,,,,,,,,,,,,,
"Biological science instructors",.0005475,.0194175,-.0958845,400,730600,.0000215,.0021882,-.227265,20,928580,.0000746,.0142661,-.2046427,83,1112210,,,,,,,,,,,,,,
"Postmasters and mail superintendents",.0001369,.0030769,.1879714,100,730600,.0000862,.0027397,.3091138,80,928580,.0000773,.0022663,.4400138,86,1112210,.0000474,.0016774,.2854543,61,1287406,,,,,,,,,
"Food counter and fountain workers",.0001369,.0008554,-.5384936,100,730600,.0001077,.0009006,-.4722908,100,928580,.0000773,.0006454,-.4816475,86,1112210,,,,,,,,,,,,,,
"Duplication machine operators / office machine operators",0,0,.0729697,0,730600,.0000215,.0010695,-.1130056,20,928580,.0000243,.0010515,-.1702063,27,1112210,,,,,,,,,,,,,,
"Drilling and boring machine operators",.0001369,.0015361,.1301588,100,730600,.0000431,.0006789,.1485443,40,928580,0,0,.0673784,0,1112210,.000021,.0027226,.0333063,27,1287406,,,,,,,,,
"Tinsmiths, coppersmiths, and sheet metal workers",.0002737,.001328,.1973407,200,730600,.0002154,.0016592,.1586842,200,928580,.0001906,.0016065,.1746278,212,1112210,,,,,,,,,,,,,,
"Teacher's aides",.0001369,.000841,-.8365151,100,730600,.0001292,.000597,-.7335821,120,928580,.0001097,.0002256,-.6964746,122,1112210,,,,,,,,,,,,,,
"Psychology instructors",.0004106,.024,.025069,300,730600,.0000215,.0039063,-.0281127,20,928580,.0000701,.0184354,-.1320247,78.00001,1112210,,,,,,,,,,,,,,
"Private household cleaners and servants",.0002737,.0003451,-.9404385,200,730600,.0002585,.0008167,-.8710784,240,928580,.0002104,.0008158,-.6908435,234,1112210,,,,,,,,,,,,,,
"Judges",.0031481,.2110092,.4458215,2300,730600,.0011631,.0468343,.3310899,1080,928580,.0006402,.0277995,.313381,712,1112210,.0007713,.019585,.3148426,993,1287406,,,,,,,,,
"Paperhangers",.0001369,.0104167,-.1912912,100,730600,.0000431,.0026738,-.1210592,40,928580,.0000288,.0019318,-.2538944,32,1112210,.0000233,.0018815,-.2684374,30,1287406,,,,,,,,,
"Farm managers, except for horticultural farms",.0027375,.0131148,-.2475521,2000,730600,.0043507,.0314152,-.1207634,4040,928580,.0034877,.0188162,-.1351307,3879,1112210,.0019147,.0140774,-.0254203,2465,1287406,,,,,,,,,
"Patternmakers and model makers",0,0,.2667885,0,730600,.0000862,.0024722,.2014796,80,928580,.0001196,.0047609,.2970583,133,1112210,.0000148,.0013239,.2282969,19,1287406,,,,,,,,,
"Education instructors",.0001369,.0147059,.1337802,100,730600,.0000431,.0185185,-.1041142,40,928580,0,0,-.0834237,0,1112210,,,,,,,,,,,,,,
"Other precision apparel and fabric workers",0,0,-.1660916,0,730600,.0000215,.0027397,-.1701992,20,928580,.0000261,.0021225,-.1177409,29,1112210,,,,,,,,,,,,,,
"Stock handlers",0,0,-.2390321,0,730600,.0002369,.0004837,-.2366045,220,928580,.0003381,.0005186,-.2931522,376,1112210,,,,,,,,,,,,,,
"Solderers",0,0,.2325169,0,730600,0,0,.0860808,0,928580,0,0,.1234255,0,1112210,,,,,,,,,,,,,,
"Technicians, n.e.c.",.0002737,.0050505,.1323326,200,730600,.0010338,.0030102,-.0410957,960,928580,.0018351,.0040384,.0393094,2041,1112210,,,,,,,,,,,,,,
"Physics instructors",.0005475,.0296296,-.0254586,400,730600,.0000215,.0038462,-.247707,20,928580,.0000126,.0038589,-.1853367,14,1112210,,,,,,,,,,,,,,
"Nursery farming workers",,,,,,.0001077,.0037764,-.4237094,100,928580,0,0,-.4968846,0,1112210,,,,,,,,,,,,,,
"Information clerks, nec",,,,,,.0001292,.0013892,-.123025,120,928580,.0001025,.0007137,-.2264209,114,1112210,,,,,,,,,,,,,,
"Home economics instructors",0,0,-.115412,0,730600,0,0,-.1015821,0,928580,0,0,.0486541,0,1112210,,,,,,,,,,,,,,
"Lay-out workers",0,0,.1568077,0,730600,0,0,.1578276,0,928580,0,0,.0930937,0,1112210,.0000435,.0053815,.0803456,56,1287406,,,,,,,,,
"Hand painting, coating, and decorating occupations",0,0,-.2084047,0,730600,.0001077,.0028153,-.0982589,100,928580,.0000764,.0021213,-.2029354,85,1112210,,,,,,,,,,,,,,
"Mechanical engineering technicians",.0001369,.006993,.239127,100,730600,.0000862,.005487,.217818,80,928580,.0001708,.0068223,.2717084,190,1112210,,,,,,,,,,,,,,
"Other precision woodworkers",,,,,,0,0,.0474185,0,928580,0,0,-.2673524,0,1112210,,,,,,,,,,,,,,
"Metal platers",.0001369,.0030769,.114613,100,730600,.0001292,.0028791,.0730984,120,928580,0,0,.0982268,0,1112210,.0000451,.0025565,.0614514,58,1287406,,,,,,,,,
"Office machine repairers and mechanics",.0002737,.0048426,.0832764,200,730600,.0000646,.0016873,.0114915,60,928580,.000045,.0012849,.0132397,50,1112210,,,,,,,,,,,,,,
"Marine life cultivation workers",,,,,,0,0,-.3245748,0,928580,0,0,-.2646054,0,1112210,,,,,,,,,,,,,,
"Horticultural specialty farmers",,,,,,.0002154,.0162338,-.3443391,200,928580,.000036,.0012611,-.3571866,40,1112210,,,,,,,,,,,,,,
"Lathe, milling, and turning machine operatives",.0001369,.0003463,.1787661,100,730600,.0001077,.0005493,.1980098,99.99999,928580,.0000342,.0005712,.1812657,38,1112210,0,0,.0538656,0,1287406,,,,,,,,,
"Economics instructors",.0009581,.0666667,-.0163279,700.0001,730600,.0001508,.0284553,-.0511702,140,928580,.0000261,.0082037,-.1200939,29,1112210,,,,,,,,,,,,,,
"Production checkers and inspectors",.0005475,.0005111,.1638341,400,730600,.0010338,.0011863,.1837099,960.0001,928580,.0002976,.0004447,.175043,331,1112210,,,,,,,,,,,,,,
"Tailors",.0004106,.0048309,.0040875,300,730600,.0000431,.0007746,-.1689535,40,928580,.0000593,.0013771,-.1193072,66,1112210,,,,,,,,,,,,,,
"Statisticians",.0001369,.0049751,.2473252,100,730600,.0001723,.0056577,.2138278,160,928580,.0001115,.0041594,.1640108,124,1112210,,,,,,,,,,,,,,
"Math instructors",.0002737,.0086207,-.1309904,200,730600,.0000215,.0011779,-.3828198,20,928580,.0000171,.001138,-.4616413,19,1112210,,,,,,,,,,,,,,
"Managers of horticultural specialty farms",,,,,,.0001723,.0116279,-.2962752,160,928580,.0001421,.0094594,-.0875855,158,1112210,,,,,,,,,,,,,,
"Crushing and grinding machine operators",0,0,-.054614,0,730600,0,0,.0469845,0,928580,.0000261,.000749,.0050438,29,1112210,,,,,,,,,,,,,,
"Fabricating machine operators, n.e.c.",0,0,.0316845,0,730600,.0000215,.0006418,.1051821,20,928580,.0000153,.00072,.0337217,17,1112210,,,,,,,,,,,,,,
"Law instructors",.0001369,.0526316,.3886394,100,730600,.0003662,.0825243,.2131418,340,928580,.0003291,.0796865,.3616134,366,1112210,,,,,,,,,,,,,,
"Engineering instructors",.0006844,.0306748,.0013605,500,730600,.0001292,.0112782,-.0445211,120,928580,.0000369,.0058164,-.1469066,41,1112210,,,,,,,,,,,,,,
"History instructors",0,0,-.2235232,0,730600,0,0,-.1727395,0,928580,0,0,-.3769289,0,1112210,,,,,,,,,,,,,,
"Photoengravers and lithographers",.0004106,.0090361,.3292704,300,730600,.0000431,.0016821,.2147419,40,928580,.0001349,.0031351,.2894348,150,1112210,,,,,,,,,,,,,,
"Grinding, abrading, buffing, and polishing workers",.0002737,.0008237,.1156502,200,730600,.00028,.0010657,.0882977,260,928580,7.19e-06,.0000715,.0786029,8,1112210,.0000823,.0013135,.0572833,106,1287406,,,,,,,,,
"Sociologists",0,0,.1951476,0,730600,.0000431,.017094,.0039575,40,928580,.0000108,.0056953,-.1528028,12,1112210,,,,,,,,,,,,,,
"Shaping and joining machine operator (woodworking)",,,,,,0,0,.0206014,0,928580,0,0,-.150097,0,1112210,,,,,,,,,,,,,,
"Sociology instructors",.0001369,.0120482,-.1500476,100,730600,0,0,-.1201947,0,928580,.0000189,.0141796,-.0677862,21,1112210,,,,,,,,,,,,,,
"Water transport infrastructure tenders and crossing guards",,,,,,0,0,.0426316,0,928580,.0000144,.0028419,-.0627432,16,1112210,,,,,,,,,,,,,,
"Chemistry instructors",.0002737,.0120482,-.1554425,200,730600,0,0,-.3256378,0,928580,.0000495,.0118534,-.3431302,55,1112210,,,,,,,,,,,,,,
"Stenographers",.0005475,.003367,.4078373,400,730600,.00028,.0031168,.3648939,260,928580,.0004028,.0058589,.3504154,448,1112210,,,,,,,,,,,,,,
"Shoemaking machine operators",0,0,-.0103867,0,730600,.0001077,.0015124,-.0607961,100,928580,8.09e-06,.0002974,-.1026094,9,1112210,0,0,-.1169538,0,1287406,,,,,,,,,
"Adjusters and calibrators",,,,,,.0000431,.0137931,.0195703,40,928580,0,0,.1847,0,1112210,,,,,,,,,,,,,,
"Legislators",,,,,,.0003877,.0377358,.0684299,360,928580,.0002679,.0271724,.0801363,298,1112210,.000094,.0100607,.1063448,121,1287406,,,,,,,,,
"Cost and rate clerks (financial records processing)",,,,,,.0001077,.0012034,.1668325,100,928580,.0001439,.0022918,.1160726,160,1112210,,,,,,,,,,,,,,
"Printing machine operators, n.e.c.",.0001369,.0006154,.1774099,100,730600,.0003231,.0009651,.0590288,300,928580,.0003965,.0011658,.0990124,441,1112210,.0001662,.0025874,-.0192195,214,1287406,,,,,,,,,
"Earth, environmental, and marine science instructors",.0001369,.0238095,-.2023887,100,730600,0,0,-.1700821,0,928580,0,0,-.4330726,0,1112210,,,,,,,,,,,,,,
"Electrical and electronic (engineering) technicians",.0008212,.0038314,.2152191,600,730600,.0003877,.0013922,.1521327,360,928580,.0006456,.0018948,.1779193,718,1112210,,,,,,,,,,,,,,
"Railroad brake, coupler, and switch operators",.0001369,.0010776,.2050852,100,730600,.0001508,.0018329,.37435,140,928580,.0000405,.0014313,.372842,45,1112210,.0000171,.0025003,.3590893,22,1287406,,,,,,,,,
"Precision grinders and filers",,,,,,0,0,.2205775,0,928580,.0000117,.0006332,.2073406,13,1112210,0,0,.1038532,0,1287406,,,,,,,,,
"Other precision and craft workers",,,,,,.0000431,.0010689,.0285974,40,928580,.0000845,.0018854,.0972511,94,1112210,,,,,,,,,,,,,,
