broad_occ,broad_occ_sector,change,earn_res1970,earn_res1980,earn_res1990,earn_res2000,earn_res2015,num_top11970,num_top11980,num_top11990,num_top12000,num_top12015,sector,sh_change,sh_top11970,sh_top11980,sh_top11990,sh_top12000,sh_top12015,top11970,top11980,top11990,top12000,top12015,us_change,us_num_top11970,us_num_top11980,us_num_top11990,us_num_top12000,us_num_top12015,xsh_top1
"Professional specialists","Professional specialistsHealth",42375,.2290908,.2242061,.2395221,.2227691,.2785437,120700,156540,201726,197216,198915,"Health",.1510722,.1652067,.16858,.181374,.1531887,.1645183,.0694716,.0523783,.0462986,.0371149,.026505,280495,730600,928580,1112210,1287406,1209075,-.0040617
"Managerial","ManagerialFin",110847,.2779725,.3002633,.4017045,.4290455,.4711038,35500,48020,79081,130894,158867,"Fin",.3951835,.0485902,.0517134,.0711026,.1016727,.1313955,.0554774,.0396899,.0408688,.052783,.0481377,280495,730600,928580,1112210,1287406,1209075,.0796821
"Managerial","ManagerialAg_Min_Mfg",-2729,.3770261,.3877375,.4404169,.4568811,.476248,84800.01,110580,112372,119533,107851,"Ag_Min_Mfg",-.0097292,.116069,.1190851,.1010349,.0928479,.0892012,.0684699,.0553154,.0444731,.0476584,.0409563,280495,730600,928580,1112210,1287406,1209075,-.0298838
"Managerial","ManagerialO_Serv",47813,.1749166,.1151585,.1932435,.2218392,.2280189,15200,28660,50214,70544,76473,"O_Serv",.1704594,.0208048,.0308643,.0451479,.0547955,.0632492,.0413156,.0354747,.0360207,.0348335,.0257478,280495,730600,928580,1112210,1287406,1209075,.0323849
"Professional specialists","Professional specialistsLegal",18725,.3442835,.2164182,.3441229,.3116772,.3080112,45000,54700,98165,70512,73425,"Legal",.066757,.0615932,.0589071,.0882612,.0547706,.0607282,.2444324,.1446554,.1420906,.0760739,.0702885,280495,730600,928580,1112210,1287406,1209075,.0018211
"Finance and sales","Finance and salesFin",1198.996,.1979948,.1573685,.2737225,.3209974,.2371039,38500,62600,97098,91808,63799,"Fin",.0042746,.0526964,.0674148,.0873019,.0713124,.0527668,.0486849,.0476698,.0516938,.0530224,.0355245,280495,730600,928580,1112210,1287406,1209075,-.014648
"Managerial","ManagerialBus_Rep",38359,.1813402,.1527445,.2135105,.3467152,.3561385,16800,20300,32516,59983,58659,"Bus_Rep",.1367547,.0229948,.0218613,.0292355,.0465921,.0485156,.0436704,.0304979,.0276981,.0395808,.0292055,280495,730600,928580,1112210,1287406,1209075,.0266543
"Finance and sales","Finance and salesTrade",-7383,-.1851188,-.1486774,-.0938849,-.0854081,-.1332139,27100,57380,73737,73433,49997,"Trade",-.0263213,.0370928,.0617933,.0662977,.0570395,.0413514,.0073615,.0094472,.0086201,.0081696,.0048536,280495,730600,928580,1112210,1287406,1209075,-.0204418
"Managerial","ManagerialTrade",-25445,.2144771,.1998774,.2354899,.2760235,.2659074,80300,72960,55676,67354,47515,"Trade",-.0907146,.1099097,.0785716,.0500589,.0523176,.0392986,.0370866,.0327193,.0251448,.0302881,.0183541,280495,730600,928580,1112210,1287406,1209075,-.0392729
"Managerial","ManagerialTran_U_Com",13609,.3087044,.3985913,.4354863,.4453425,.429231,13100,17140,21105,31735,30749,"Tran_U_Com",.0485178,.0179305,.0184583,.0189757,.0246503,.0254318,.0340348,.0280203,.0237555,.0326055,.026856,280495,730600,928580,1112210,1287406,1209075,.0069735
"Professional specialists","Professional specialistsAg_Min_Mfg",10905,.2152823,.2067544,.2294319,.2289658,.3077365,19300,18880,19746,24900,29785,"Ag_Min_Mfg",.0388777,.0264166,.0203321,.0177538,.0193412,.0246345,.0113918,.0087399,.007634,.0094689,.0117105,280495,730600,928580,1112210,1287406,1209075,.0043024
"Professional specialists","Professional specialistsO_Serv",10971,-.1821807,-.2470732,-.2359817,-.2141111,-.2009839,18500,16320,20791,23591,27291,"O_Serv",.039113,.0253217,.0175752,.0186934,.0183244,.0225718,.0193272,.010611,.0090539,.006918,.0059081,280495,730600,928580,1112210,1287406,1209075,.0049966
"Managerial","ManagerialCon",3288.002,.3373402,.3026035,.3320897,.3580257,.29985,24100,21300,30903,40338,24588,"Con",.0117221,.0329866,.0229382,.0277852,.0313328,.0203362,.0584951,.0562154,.0391461,.0389281,.0180652,280495,730600,928580,1112210,1287406,1209075,-.002602
"Managerial","ManagerialHealth",17968,.2462588,.227063,.2705639,.3080148,.3448837,3400,4740,9951,15938,22708,"Health",.0640582,.0046537,.0051046,.0089471,.0123799,.0187813,.0256992,.0139428,.0136892,.0203544,.0196029,280495,730600,928580,1112210,1287406,1209075,.0136767
"Professional specialists","Professional specialistsTran_U_Com",5712,.2710219,.26149,.2911254,.3083487,.3340248,11200,14820,14841,17660,20532,"Tran_U_Com",.020364,.0153299,.0159599,.0133437,.0137175,.0169816,.0378378,.0287968,.0195106,.0193841,.0199193,280495,730600,928580,1112210,1287406,1209075,.0010217
"Professional specialists","Professional specialistsBus_Rep",16341,.0848368,-.0454184,.0424357,.1513789,.1363088,2700,3840,8630,19842,20181,"Bus_Rep",.0582577,.0036956,.0041353,.0077593,.0154124,.0166913,.0164835,.00904,.0101894,.0119638,.0081772,280495,730600,928580,1112210,1287406,1209075,.0125559
"Professional specialists","Professional specialistsEd",8362.001,-.0656207,-.1281749,-.2125242,-.2643681,-.2584323,14200,11220,12285,13010,19582,"Ed",.0298116,.0194361,.012083,.0110456,.0101056,.0161959,.0042319,.002493,.0022858,.0018368,.002363,280495,730600,928580,1112210,1287406,1209075,.0041129
"Professional specialists","Professional specialistsFin",11635,.2540222,.238976,.3529423,.3817495,.4134452,2000,2720,7894,11912,14355,"Fin",.0414802,.0027375,.0029292,.0070976,.0092527,.0118727,.0254777,.0145798,.0194378,.021365,.0178495,280495,730600,928580,1112210,1287406,1209075,.0089435
"Finance and sales","Finance and salesBus_Rep",10950,-.1769935,-.0925471,-.0071965,.0475151,.1043066,3200,2820,6469,13167,13770,"Bus_Rep",.0390381,.00438,.0030369,.0058163,.0102275,.0113889,.0152019,.0101556,.0133367,.0165276,.0163196,280495,730600,928580,1112210,1287406,1209075,.008352
"Finance and sales","Finance and salesAg_Min_Mfg",-3176,.1524204,.1500868,.1798467,.2318384,.2692397,15300,15360,13598,16135,12184,"Ag_Min_Mfg",-.0113228,.0209417,.0165414,.0122261,.012533,.0100771,.0284492,.0234575,.016628,.0215906,.0192203,280495,730600,928580,1112210,1287406,1209075,-.0064643
"Professional specialists","Professional specialistsTrade",7730,.0425379,-.041249,.0490947,.1168664,.1770456,3400,4340,5500,7612,12070,"Trade",.0275584,.0046537,.0046738,.0049451,.0059127,.0099828,.0116081,.0097951,.0066752,.0086927,.0129536,280495,730600,928580,1112210,1287406,1209075,.005309
"Craft and construction","Craft and constructionCon",-20550,.1044552,.0274543,.0055031,.0236158,.013991,7600,27860,17205,14685,7310,"Con",-.0732633,.0104024,.0300028,.0154692,.0114067,.0060459,.0035156,.0086349,.0045161,.0030839,.0015887,280495,730600,928580,1112210,1287406,1209075,-.0239569
"Managerial","ManagerialEd",3782,-.0452198,.0163796,.0181047,.0630974,.0882593,4100,3420,4347,6808,7202,"Ed",.0134833,.0056118,.003683,.0039084,.0052882,.0059566,.0119013,.0062062,.0055839,.0074905,.0059782,280495,730600,928580,1112210,1287406,1209075,.0022736
"Administrative","AdministrativeFin",3502,.2175206,.1339673,.1595017,.1353353,.1483822,2400,3680,5044,6436,7182,"Fin",.0124851,.003285,.003963,.0045351,.0049992,.0059401,.0014453,.001435,.0017005,.0022105,.0028844,280495,730600,928580,1112210,1287406,1209075,.001977
"Craft and construction","Craft and constructionAg_Min_Mfg",-7946,.1869115,.2088104,.2206021,.1831534,.231125,6300,15100,9969,9590,7154,"Ag_Min_Mfg",-.0283285,.008623,.0162614,.0089632,.0074491,.0059169,.0018308,.0034591,.0025343,.0026362,.0024727,280495,730600,928580,1112210,1287406,1209075,-.0103445
"Farming","FarmingAg_Min_Mfg",-22940,-.4329277,-.325138,-.3557141,-.3175039,-.2690754,17900,30020,11469,7464,7080,"Ag_Min_Mfg",-.081784,.0245004,.0323289,.0103119,.0057977,.0058557,.0085658,.0135522,.0052363,.0036096,.0028348,280495,730600,928580,1112210,1287406,1209075,-.0264732
"Finance and sales","Finance and salesTran_U_Com",4540,.1681301,.1544411,.193218,.2324082,.2810192,500,1500,1516,4821,6040,"Tran_U_Com",.0161857,.0006844,.0016154,.0013631,.0037447,.0049956,.0048733,.0072844,.0062324,.0155941,.0155062,280495,730600,928580,1112210,1287406,1209075,.0033802
"Professional specialists","Professional specialistsEnter",723,-.1678328,-.3171414,-.2851623,-.2372423,-.332434,3000,5280,7789,5422,6003,"Enter",.0025776,.0041062,.0056861,.0070032,.0042116,.004965,.0275229,.0227822,.0217988,.0152386,.0101672,280495,730600,928580,1112210,1287406,1209075,-.0007211
"Managerial","ManagerialEnter",1576,.1587203,-.0049697,.0834221,.2044444,.1297584,3900,3260,5553,5773,4836,"Enter",.0056186,.0053381,.0035107,.0049928,.0044842,.0039998,.055794,.0226295,.0213784,.0243503,.0142715,280495,730600,928580,1112210,1287406,1209075,.000489
"Finance and sales","Finance and salesO_Serv",3163,-.0624651,-.0976229,-.0049897,.033991,.0240193,600,1380,2000,2999,4543,"O_Serv",.0112765,.0008212,.0014861,.0017982,.0023295,.0037574,.0177515,.0254237,.0210575,.0171995,.0176669,280495,730600,928580,1112210,1287406,1209075,.0022713
"Transportation","TransportationTran_U_Com",-8397,.0084139,.0896828,.0258332,.0170038,-.0315788,4900,12620,7839,6843,4223,"Tran_U_Com",-.0299364,.0067068,.0135906,.0070481,.0053153,.0034928,.0031995,.0068169,.0037177,.0026131,.0012691,280495,730600,928580,1112210,1287406,1209075,-.0100979
"Service","ServiceHealth",649,-.1483044,-.1491622,-.1766341,-.151273,-.1346191,500,3220,3794,5519,3869,"Health",.0023138,.0006844,.0034677,.0034112,.0042869,.0032,.0003957,.0015279,.0015935,.0020769,.0009788,280495,730600,928580,1112210,1287406,1209075,-.0002677
"Managerial","ManagerialPub",-136,.2134576,.1937867,.2184368,.2329125,.3018492,2900,3900,2774,3772,3764,"Pub",-.0004849,.0039693,.0042,.0024941,.0029299,.0031131,.0058574,.0043672,.0024598,.003779,.0029963,280495,730600,928580,1112210,1287406,1209075,-.0010868
"Administrative","AdministrativeTrade",574,.0358357,-.0135932,-.0244951,-.071919,-.1889172,4000,3060,2599,4602,3634,"Trade",.0020464,.005475,.0032954,.0023368,.0035746,.0030056,.0023613,.0013489,.0010302,.0014112,.0009662,280495,730600,928580,1112210,1287406,1209075,-.0002898
"Administrative","AdministrativeBus_Rep",1949,-.0425717,-.1178918,-.100264,-.0784824,-.0912703,1700,1240,2442,3820,3189,"Bus_Rep",.0069484,.0023269,.0013354,.0021956,.0029672,.0026376,.0030971,.0014582,.0019292,.0022689,.0017895,280495,730600,928580,1112210,1287406,1209075,.0013022
"Service","ServiceBus_Rep",-152,-.5643107,-.51997,-.4060809,-.3645306,-.3942351,2400,3260,2966,4240,3108,"Bus_Rep",-.0005419,.003285,.0035107,.0026668,.0032934,.0025706,.0012021,.0015017,.0010434,.0013644,.0006486,280495,730600,928580,1112210,1287406,1209075,-.0009402
"Machine operators and laborers","Machine operators and laborersAg_Min_Mfg",-4859,.1029562,.1006651,.081849,.0455228,.0378544,4200,7900,5255,8682,3041,"Ag_Min_Mfg",-.0173229,.0057487,.0085076,.0047248,.0067438,.0025151,.0005378,.0009824,.0007919,.0014401,.0006534,280495,730600,928580,1112210,1287406,1209075,-.0059925
"Administrative","AdministrativeO_Serv",1778,-.0116016,-.1213075,-.2229662,-.0941898,-.1005801,1400,1180,1771,2695,2958,"O_Serv",.0063388,.0019162,.0012708,.0015923,.0020934,.0024465,.0025303,.0014388,.0013656,.0021696,.0020876,280495,730600,928580,1112210,1287406,1209075,.0011757
"Service","ServiceTrade",140,-.4197406,-.4396106,-.4143285,-.3552821,-.3412865,1600,2800,2905,5566,2940,"Trade",.0004991,.00219,.0030154,.0026119,.0043234,.0024316,.0009315,.0010116,.0007684,.0012145,.0004131,280495,730600,928580,1112210,1287406,1209075,-.0005837
"Machine operators and laborers","Machine operators and laborersCon",-345,-.0485931,-.0763038,-.092243,-.0585933,-.0844109,1900,3280,4267,3370,2935,"Con",-.00123,.0026006,.0035323,.0038365,.0026177,.0024275,.0023033,.0032213,.00332,.0020698,.0013068,280495,730600,928580,1112210,1287406,1209075,-.0011048
"Professional specialists","Professional specialistsPub",-950,.1827469,.1340609,.1274532,.1316135,.2053439,4700,3820,2698,4326,2870,"Pub",-.0033869,.0064331,.0041138,.0024258,.0033602,.0023737,.0095528,.0044234,.00282,.0035615,.0021033,280495,730600,928580,1112210,1287406,1209075,-.0017401
"Managerial","ManagerialLegal",2447,.1858849,.2722707,.472372,.4077711,.396811,0,220,793,1979,2667,"Legal",.0087239,0,.0002369,.000713,.0015372,.0022058,0,.0137845,.0153418,.0379133,.0335181,280495,730600,928580,1112210,1287406,1209075,.0019689
"Administrative","AdministrativeAg_Min_Mfg",-1533,.2412015,.195415,.1758864,.1351384,.1036804,4700,4160,3212,4761,2627,"Ag_Min_Mfg",-.0054653,.0064331,.00448,.0028879,.0036981,.0021727,.0019572,.0014521,.0012606,.0020928,.0015782,280495,730600,928580,1112210,1287406,1209075,-.0023072
"Service","ServicePub",849,.061073,.0061386,.1577175,.1790778,.2288276,1100,1260,1216,2835,2109,"Pub",.0030268,.0015056,.0013569,.0010933,.0022021,.0017443,.0014618,.0011245,.0008825,.0015267,.0009705,280495,730600,928580,1112210,1287406,1209075,.0003874
"Administrative","AdministrativeTran_U_Com",-201,.2128478,.294078,.2403235,.1614222,.0956634,2900,2180,2663,4517,1979,"Tran_U_Com",-.0007166,.0039693,.0023477,.0023943,.0035086,.0016368,.0016817,.0010712,.0011434,.0017694,.0009485,280495,730600,928580,1112210,1287406,1209075,-.0007109
"Craft and construction","Craft and constructionBus_Rep",-1689,-.1016451,-.1374856,-.1363512,-.1169838,-.1025586,3000,3640,2524,2718,1951,"Bus_Rep",-.0060215,.0041062,.00392,.0022694,.0021112,.0016136,.0044883,.0038202,.0021306,.0017987,.0013591,280495,730600,928580,1112210,1287406,1209075,-.0023063
"Transportation","TransportationTrade",-844,-.1960728,-.1660719,-.2101641,-.175138,-.2418477,1400,2620,1360,2506,1776,"Trade",-.003009,.0019162,.0028215,.0012228,.0019465,.0014689,.0009709,.0014083,.0006039,.0013022,.0008044,280495,730600,928580,1112210,1287406,1209075,-.0013526
"Administrative","AdministrativeCon",644,.1778851,.0438692,.0507403,.0640515,.040118,1700,660,1076,1266,1304,"Con",.0022959,.0023269,.0007108,.0009674,.0009834,.0010785,.0065334,.001848,.0025326,.0023676,.0027643,280495,730600,928580,1112210,1287406,1209075,.0003677
"Administrative","AdministrativeHealth",181,.0716961,.0108053,.0156529,.0263106,.0502187,500,1100,718,1592,1281,"Health",.0006453,.0006844,.0011846,.0006456,.0012366,.0010595,.0007814,.0009312,.000473,.0008613,.0005829,280495,730600,928580,1112210,1287406,1209075,-.0001251
"Craft and construction","Craft and constructionTrade",-4952,.0525543,.013663,.0112961,-.0119165,-.0192426,4100,6200,2400,2394,1248,"Trade",-.0176545,.0056118,.0066769,.0021579,.0018596,.0010322,.0030832,.0037838,.0014862,.0015011,.000814,280495,730600,928580,1112210,1287406,1209075,-.0056447
"Professional specialists","Professional specialistsCon",-1525,.1670424,.1675298,.1858947,.163551,.2395158,1800,2660,2794,1774,1135,"Con",-.0054368,.0024637,.0028646,.0025121,.001378,.0009387,.0110159,.0117481,.0082516,.0090073,.0058107,280495,730600,928580,1112210,1287406,1209075,-.0019259
"Craft and construction","Craft and constructionTran_U_Com",-1108,.171241,.2602567,.3011741,.2747636,.3487183,800,2220,1557,2182,1112,"Tran_U_Com",-.0039502,.001095,.0023907,.0013999,.0016949,.0009197,.000799,.0018531,.0013393,.0018268,.0009949,280495,730600,928580,1112210,1287406,1209075,-.001471
"Finance and sales","Finance and salesCon",-358.9999,.2556207,.112571,.1410347,.2352642,.188779,1100,1380,1507,2376,1021,"Con",-.0012799,.0015056,.0014861,.001355,.0018456,.0008444,.0298103,.0270801,.0175825,.0215986,.0098988,280495,730600,928580,1112210,1287406,1209075,-.0006417
"Service","ServiceTran_U_Com",635,.0755377,.0843484,.0624389,-.0173519,-.0466225,200,360,359,513,995,"Tran_U_Com",.0022639,.0002737,.0003877,.0003228,.0003985,.0008229,.0012315,.0015393,.0012361,.0016226,.0028304,280495,730600,928580,1112210,1287406,1209075,.0004353
"Service","ServiceO_Serv",392,-.5236522,-.6246302,-.7489697,-.5155569,-.4385853,100,440,381,2325,832,"O_Serv",.0013975,.0001369,.0004738,.0003426,.001806,.0006881,.0005504,.0010389,.0004451,.0013937,.0003583,280495,730600,928580,1112210,1287406,1209075,.0002143
"Transportation","TransportationAg_Min_Mfg",-2101,-.0153639,.0381827,-.0032232,-.0165403,-.0571786,1500,2920,2087,2514,819,"Ag_Min_Mfg",-.0074903,.0020531,.0031446,.0018764,.0019528,.0006774,.0011197,.0014562,.0012054,.0017361,.0005749,280495,730600,928580,1112210,1287406,1209075,-.0024672
"Administrative","AdministrativePub",-696,.2410332,.1180154,.1049754,.0696307,.1687483,1500,1440,880,1137,744,"Pub",-.0024813,.0020531,.0015508,.0007912,.0008832,.0006153,.001449,.0009381,.00061,.0007702,.0005738,280495,730600,928580,1112210,1287406,1209075,-.0009354
"Transportation","TransportationCon",59,-.0653307,-.0293434,-.0031167,.0063616,.0126161,400,640,421,595,699,"Con",.0002103,.0005475,.0006892,.0003785,.0004622,.0005781,.0023296,.0032353,.0020824,.0028125,.0029464,280495,730600,928580,1112210,1287406,1209075,-.0001111
"Craft and construction","Craft and constructionHealth",61,.0197385,.0016567,.0644561,.0536139,.1219046,700,580,562,405,641,"Health",.0002175,.0009581,.0006246,.0005053,.0003146,.0005302,.008149,.0042084,.0035243,.0015117,.0016808,280495,730600,928580,1112210,1287406,1209075,-.0000945
"Service","ServiceEnter",298,-.4153757,-.4425735,-.40359,-.2746761,-.338159,400,320,321,951,618,"Enter",.0010624,.0005475,.0003446,.0002886,.0007387,.0005111,.0030511,.0013941,.0009607,.0017555,.0008042,280495,730600,928580,1112210,1287406,1209075,.0001665
"Service","ServiceEd",-379,-.5717392,-.6415954,-.530109,-.5298924,-.4930976,300,940,313,1456,561,"Ed",-.0013512,.0004106,.0010123,.0002814,.001131,.000464,.0003544,.0007808,.0003162,.0014223,.0004698,280495,730600,928580,1112210,1287406,1209075,-.0005483
"Finance and sales","Finance and salesEd",464,-.6999953,-.6879272,-.6153013,-.4600095,-.3599411,0,80,20,286,544,"Ed",.0016542,0,.0000862,.000018,.0002222,.0004499,0,.0016254,.0002686,.0038176,.0070173,280495,730600,928580,1112210,1287406,1209075,.0003638
"Military","MilitaryPub",,.0735101,,-.0308754,.0648243,.3862192,0,,919.0001,1228,530,"Pub",,0,,.0008263,.0009539,.0004384,0,,.0005441,.0010687,.0005204,,730600,,1112210,1287406,1209075,
"Administrative","AdministrativeEd",-199,-.2634047,-.3543527,-.3764161,-.3024331,-.2929053,400,640,376,723,441,"Ed",-.0007095,.0005475,.0006892,.0003381,.0005616,.0003647,.0004646,.0005075,.0002614,.0005543,.0003621,280495,730600,928580,1112210,1287406,1209075,-.0003245
"Machine operators and laborers","Machine operators and laborersBus_Rep",-828,-.1816335,-.1871158,-.2131153,-.2178276,-.2521916,1000,1260,958,839,432,"Bus_Rep",-.0029519,.0013687,.0013569,.0008613,.0006517,.0003573,.0023447,.0032025,.0018079,.0014768,.0007318,280495,730600,928580,1112210,1287406,1209075,-.0009996
"Administrative","AdministrativeLegal",276,.3074726,.1817763,.2793646,.1804481,.0890722,100,100,315,506,376,"Legal",.000984,.0001369,.0001077,.0002832,.000393,.000311,.0006028,.0003274,.0006791,.0011562,.0012396,280495,730600,928580,1112210,1287406,1209075,.0002033
"Craft and construction","Craft and constructionEd",146,-.1181369,-.1766362,-.0554286,-.1114314,.0060589,0,200,105,260,346,"Ed",.0005205,0,.0002154,.0000944,.000202,.0002862,0,.0015758,.0007801,.00143,.0019332,280495,730600,928580,1112210,1287406,1209075,.0000708
"Service","ServiceFin",-105,-.2973653,-.3519746,-.3037197,-.2467601,-.2523506,0,420,314,576,315,"Fin",-.0003743,0,.0004523,.0002823,.0004474,.0002605,0,.0019932,.0012032,.0024591,.0010654,280495,730600,928580,1112210,1287406,1209075,-.0001918
"Finance and sales","Finance and salesLegal",272,.8639675,.1025751,.213212,.180009,.1234512,0,20,62,140,292,"Legal",.0009697,0,.0000215,.0000557,.0001087,.0002415,0,.015873,.0330138,.0249377,.0471424,280495,730600,928580,1112210,1287406,1209075,.00022
"Finance and sales","Finance and salesHealth",235,.0722458,.0053277,.1054277,.1538889,.2411293,0,40,185,621,275,"Health",.0008378,0,.0000431,.0001663,.0004824,.0002274,0,.0015835,.0041294,.0137663,.0045074,280495,730600,928580,1112210,1287406,1209075,.0001844
"Administrative","AdministrativeEnter",128,.1128833,-.1317188,-.1615775,-.1469385,-.2363574,200,120,217,258,248,"Enter",.0004563,.0002737,.0001292,.0001951,.0002004,.0002051,.0040816,.0014231,.0015006,.0013681,.0012017,280495,730600,928580,1112210,1287406,1209075,.0000759
"Service","ServiceAg_Min_Mfg",-594,-.0977828,-.0681416,-.0871712,-.0964253,-.053711,400,840,579,732,246,"Ag_Min_Mfg",-.0021177,.0005475,.0009046,.0005206,.0005686,.0002035,.0010436,.001703,.0012886,.0019167,.0006713,280495,730600,928580,1112210,1287406,1209075,-.0007011
"Transportation","TransportationBus_Rep",-385,-.3163528,-.3446212,-.3605521,-.3713422,-.4170991,400,620,562,645,235,"Bus_Rep",-.0013726,.0005475,.0006677,.0005053,.000501,.0001944,.0021668,.0028218,.0015719,.0014815,.0003757,280495,730600,928580,1112210,1287406,1209075,-.0004733
"Machine operators and laborers","Machine operators and laborersO_Serv",113,-.2454453,-.2950802,-.1709059,-.1582059,-.1450427,0,100,147,187,213,"O_Serv",.0004029,0,.0001077,.0001322,.0001453,.0001762,0,.0016909,.0016384,.0015655,.0013579,280495,730600,928580,1112210,1287406,1209075,.0000685
"Machine operators and laborers","Machine operators and laborersTrade",-342,-.1269892,-.1266861,-.0915754,-.1245932,-.0891857,200,520,558,773,178,"Trade",-.0012193,.0002737,.00056,.0005017,.0006004,.0001472,.0005305,.0014161,.0010966,.0016985,.0004855,280495,730600,928580,1112210,1287406,1209075,-.0004128
"Finance and sales","Finance and salesEnter",74.00002,-.4398968,-.3539425,-.3556047,-.2613683,-.3012147,100,100,566,615,174,"Enter",.0002638,.0001369,.0001077,.0005089,.0004777,.0001439,.002809,.0017235,.0033096,.0030271,.0012294,280495,730600,928580,1112210,1287406,1209075,.0000362
"Craft and construction","Craft and constructionO_Serv",22,.0267741,-.0196576,.076192,.0488518,.1092708,200,140,237,282,162,"O_Serv",.0000784,.0002737,.0001508,.0002131,.000219,.000134,.0038314,.0019971,.0028503,.0024206,.0011152,280495,730600,928580,1112210,1287406,1209075,-.0000168
"Transportation","TransportationHealth",55,-.2261038,-.2783518,-.2410709,-.2389619,-.2358578,100,80,14,88,135,"Health",.0001961,.0001369,.0000862,.0000126,.0000684,.0001117,.0043668,.0027682,.0003148,.0019571,.0019952,280495,730600,928580,1112210,1287406,1209075,.0000255
"Transportation","TransportationEd",12,-.5513481,-.5614691,-.4281694,-.3666714,-.4136205,0,120,162,142,132,"Ed",.0000428,0,.0001292,.0001457,.0001103,.0001092,0,.0006093,.0007184,.0006268,.0005592,280495,730600,928580,1112210,1287406,1209075,-.0000201
"Craft and construction","Craft and constructionEnter",-8,.0517239,-.1041409,-.0383215,-.069233,-.0554278,400,140,292,122,132,"Enter",-.0000285,.0005475,.0001508,.0002625,.0000948,.0001092,.0192308,.0035371,.0046068,.001779,.0020624,280495,730600,928580,1112210,1287406,1209075,-.0000416
"Machine operators and laborers","Machine operators and laborersPub",-55,.0410099,-.034115,.045414,.0124845,.195829,100,180,76,138,125,"Pub",-.0001961,.0001369,.0001938,.0000683,.0001072,.0001034,.0013514,.002045,.0009184,.0018552,.002057,280495,730600,928580,1112210,1287406,1209075,-.0000905
"Transportation","TransportationFin",-31,-.2860621,-.3144398,-.2254251,-.2311025,-.2844462,0,100,52,24,69,"Fin",-.0001105,0,.0001077,.0000468,.0000186,.0000571,0,.0037965,.001579,.0012815,.0026201,280495,730600,928580,1112210,1287406,1209075,-.0000506
"Transportation","TransportationEnter",48,-.3557093,-.3079608,-.2209447,-.2078453,-.3422787,0,20,22,32,68,"Enter",.0001711,0,.0000215,.0000198,.0000249,.0000562,0,.000969,.0006351,.0007904,.0012576,280495,730600,928580,1112210,1287406,1209075,.0000347
"Service","ServiceCon",6.999996,-.3147613,-.3053416,-.2856607,-.3315759,-.2992944,0,60,165,167,67,"Con",.000025,0,.0000646,.0001484,.0001297,.0000554,0,.001497,.0028799,.0034974,.0015353,280495,730600,928580,1112210,1287406,1209075,-9.20e-06
"Machine operators and laborers","Machine operators and laborersEd",-16,-.3130015,-.432394,-.2898733,-.3669564,-.2956853,0,60,0,31,44,"Ed",-.000057,0,.0000646,0,.0000241,.0000364,0,.0013643,0,.0009624,.0018678,280495,730600,928580,1112210,1287406,1209075,-.0000282
"Machine operators and laborers","Machine operators and laborersTran_U_Com",-480,.0908951,.1858846,.1716691,.1184553,.1783722,0,480,209,422,0,"Tran_U_Com",-.0017113,0,.0005169,.0001879,.0003278,0,0,.0019099,.0008622,.0020056,0,280495,730600,928580,1112210,1287406,1209075,-.0005169
"Transportation","TransportationPub",-260,-.0691136,-.2115973,-.095042,-.0596162,.1016231,100,260,59,153,0,"Pub",-.0009269,.0001369,.00028,.000053,.0001188,0,.0011299,.0020917,.0005695,.002072,0,280495,730600,928580,1112210,1287406,1209075,-.00028
"Farming","FarmingTran_U_Com",0,-.0985359,-.1514228,-.1699348,-.123928,-.2118973,0,0,0,106,0,"Tran_U_Com",0,0,0,0,.0000823,0,0,0,0,.0059437,0,280495,730600,928580,1112210,1287406,1209075,0
"Farming","FarmingCon",0,-.2542905,-.3333689,-.3985285,-.2858209,-.2967807,0,0,25,48,0,"Con",0,0,0,.0000225,.0000373,0,0,0,.0015854,.002185,0,280495,730600,928580,1112210,1287406,1209075,0
"Transportation","TransportationO_Serv",-20,-.4284754,-.55414,-.4178996,-.3594202,-.3167799,0,20,91,111,0,"O_Serv",-.0000713,0,.0000215,.0000818,.0000862,0,0,.0004312,.0014865,.0013205,0,280495,730600,928580,1112210,1287406,1209075,-.0000215
"Farming","FarmingEd",-60,-.3557116,-.4651276,-.3547315,-.3560366,-.2429978,0,60,13,26,0,"Ed",-.0002139,0,.0000646,.0000117,.0000202,0,0,.0021038,.0003911,.0005871,0,280495,730600,928580,1112210,1287406,1209075,-.0000646
"Craft and construction","Craft and constructionPub",-220,.1332198,.0745825,.1345446,.1401384,.2657196,200,220,92,337,0,"Pub",-.0007843,.0002737,.0002369,.0000827,.0002618,0,.0008081,.0008989,.000416,.001609,0,280495,730600,928580,1112210,1287406,1209075,-.0002369
"Service","ServiceLegal",-20,-.3714495,-.3093126,-.2730611,-.3243662,-.5576195,0,20,63,0,0,"Legal",-.0000713,0,.0000215,.0000566,0,0,0,.0047847,.0088359,0,0,280495,730600,928580,1112210,1287406,1209075,-.0000215
"Machine operators and laborers","Machine operators and laborersFin",-120,-.1310396,-.0063467,.0521604,.0578669,-.1464292,0,120,210,176,0,"Fin",-.0004278,0,.0001292,.0001888,.0001367,0,0,.0046476,.005922,.005101,0,280495,730600,928580,1112210,1287406,1209075,-.0001292
"Farming","FarmingO_Serv",0,-.3256951,-.4309777,-.3414759,-.3648212,-.3431127,0,0,0,73,0,"O_Serv",0,0,0,0,.0000567,0,0,0,0,.0014865,0,280495,730600,928580,1112210,1287406,1209075,0
"Farming","FarmingTrade",-40,-.4496106,-.4141543,-.4001686,-.3111288,-.2115914,0,40,125,236,0,"Trade",-.0001426,0,.0000431,.0001124,.0001833,0,0,.0021075,.0023757,.0021054,0,280495,730600,928580,1112210,1287406,1209075,-.0000431
"Finance and sales","Finance and salesPub",-40,.0477069,.0149198,-.027099,.0654481,.087975,0,40,54,144,0,"Pub",-.0001426,0,.0000431,.0000486,.0001119,0,0,.0012987,.0018958,.0031433,0,280495,730600,928580,1112210,1287406,1209075,-.0000431
"Farming","FarmingBus_Rep",-40,-.8880187,-.7342272,-.5442977,-.3981563,-.4946234,0,40,30,33,0,"Bus_Rep",-.0001426,0,.0000431,.000027,.0000256,0,0,.0017406,.0009694,.0003313,0,280495,730600,928580,1112210,1287406,1209075,-.0000431
"Craft and construction","Craft and constructionLegal",0,.38854,-.1943256,.2093785,.2587945,.0375627,0,0,31,0,0,"Legal",0,0,0,.0000279,0,0,0,0,.0302734,0,0,280495,730600,928580,1112210,1287406,1209075,0
"Farming","FarmingFin",-40,-.3664071,-.3843991,-.3711236,-.4342292,-.2938983,0,40,0,23,0,"Fin",-.0001426,0,.0000431,0,.0000179,0,0,.001497,0,.000838,0,280495,730600,928580,1112210,1287406,1209075,-.0000431
"Farming","FarmingLegal",0,,-1.748095,-.2315464,.4299837,-.8812072,,0,0,0,0,"Legal",0,,0,0,0,0,,0,0,0,0,280495,,928580,1112210,1287406,1209075,0
"Farming","FarmingPub",-40,-.2216799,-.2806914,-.2353754,-.1548316,-.1541386,0,40,0,65,0,"Pub",-.0001426,0,.0000431,0,.0000505,0,0,.0007971,0,.0018251,0,280495,730600,928580,1112210,1287406,1209075,-.0000431
"Transportation","TransportationLegal",0,-.7277573,-.5759665,-.2276843,-.4142013,.0831525,0,0,0,0,0,"Legal",0,0,0,0,0,0,0,0,0,0,0,280495,730600,928580,1112210,1287406,1209075,0
"Machine operators and laborers","Machine operators and laborersHealth",-160,-.1454249,-.1181323,-.1515699,-.1914271,-.1971885,100,160,33,60,0,"Health",-.0005704,.0001369,.0001723,.0000297,.0000466,0,.0013441,.0019198,.0004181,.0008571,0,280495,730600,928580,1112210,1287406,1209075,-.0001723
"Machine operators and laborers","Machine operators and laborersEnter",-40,.02341,-.1442411,-.0969231,-.1431269,-.1260947,200,40,141,53,0,"Enter",-.0001426,.0002737,.0000431,.0001268,.0000412,0,.010582,.0019102,.0050348,.0021321,0,280495,730600,928580,1112210,1287406,1209075,-.0000431
"Farming","FarmingHealth",-20,-.370263,-.2744901,-.3234568,-.4216504,-.3067117,0,20,0,0,0,"Health",-.0000713,0,.0000215,0,0,0,0,.002611,0,0,0,280495,730600,928580,1112210,1287406,1209075,-.0000215
"Farming","FarmingEnter",-80,-.2287646,-.3313314,-.2919101,-.2845327,-.364486,0,80,68,86,0,"Enter",-.0002852,0,.0000862,.0000611,.0000668,0,0,.0023041,.0008581,.0008035,0,280495,730600,928580,1112210,1287406,1209075,-.0000862
"Craft and construction","Craft and constructionFin",-520,.0732094,-.0827869,-.0466173,-.0662223,-.0379677,200,520,419,463,0,"Fin",-.0018539,.0002737,.00056,.0003767,.0003596,0,.0041322,.0070062,.0038864,.0029606,0,280495,730600,928580,1112210,1287406,1209075,-.00056
"Machine operators and laborers","Machine operators and laborersLegal",0,.208156,.0214696,-.0758446,.1738003,.0444465,0,0,0,30,0,"Legal",0,0,0,0,.0000233,0,0,0,0,.0203943,0,280495,730600,928580,1112210,1287406,1209075,0
"Machine operators and laborers","Machine operators and laborersNA",,-.0820564,,,,,1300,,,,,"NA",,.0017794,,,,,.0016594,,,,,,730600,,,,,
"Professional specialists","Professional specialistsNA",,.1398355,,,,,600,,,,,"NA",,.0008212,,,,,.0228137,,,,,,730600,,,,,
"Craft and construction","Craft and constructionNA",,.0074043,,,,,2500,,,,,"NA",,.0034218,,,,,.0047674,,,,,,730600,,,,,
"Administrative","AdministrativeNA",,-.0272659,,,,,1700,,,,,"NA",,.0023269,,,,,.0023237,,,,,,730600,,,,,
"Transportation","TransportationNA",,-.3168539,,,,,400,,,,,"NA",,.0005475,,,,,.0015308,,,,,,730600,,,,,
"Service","ServiceNA",,-.3931693,,,,,1100,,,,,"NA",,.0015056,,,,,.001557,,,,,,730600,,,,,
"Farming","FarmingNA",,-.5833673,,,,,600,,,,,"NA",,.0008212,,,,,.0044477,,,,,,730600,,,,,
"Military","MilitaryNA",,-.3151428,-.1850327,,,,2500,1460,,,,"NA",,.0034218,.0015723,,,,.0012521,.0009051,,,,,730600,928580,,,,
"Managerial","ManagerialNA",,.077128,,,,,14300,,,,,"NA",,.019573,,,,,.0220543,,,,,,730600,,,,,
"Finance and sales","Finance and salesNA",,-.223708,,,,,2200,,,,,"NA",,.0030112,,,,,.0075549,,,,,,730600,,,,,
